ISO-10303-21;
HEADER;
/* Generated by software containing ST-Developer
 * from STEP Tools, Inc. (www.steptools.com) 
 */

FILE_DESCRIPTION(
/* description */ ('KiCad electronic assembly'),
/* implementation_level */ '2;1');

FILE_NAME(
/* name */ 'Compute module template.step',
/* time_stamp */ '2025-07-02T23:06:54-04:00',
/* author */ (''),
/* organization */ (''),
/* preprocessor_version */ 'ST-DEVELOPER v20.1',
/* originating_system */ 'Autodesk Translation Framework v14.10.0.0',
/* authorisation */ '');

FILE_SCHEMA (('AUTOMOTIVE_DESIGN { 1 0 10303 214 3 1 1 }'));
ENDSEC;

DATA;
#10=MECHANICAL_DESIGN_GEOMETRIC_PRESENTATION_REPRESENTATION('',(#13),#2093);
#11=SHAPE_REPRESENTATION_RELATIONSHIP('SRR','None',#2099,#12);
#12=ADVANCED_BREP_SHAPE_REPRESENTATION('',(#14),#2092);
#13=STYLED_ITEM('',(#2108),#14);
#14=MANIFOLD_SOLID_BREP('Compute template',#1289);
#15=FACE_BOUND('',#184,.T.);
#16=FACE_BOUND('',#185,.T.);
#17=FACE_BOUND('',#186,.T.);
#18=FACE_BOUND('',#187,.T.);
#19=FACE_BOUND('',#189,.T.);
#20=FACE_BOUND('',#190,.T.);
#21=FACE_BOUND('',#191,.T.);
#22=FACE_BOUND('',#192,.T.);
#23=FACE_BOUND('',#193,.T.);
#24=FACE_BOUND('',#201,.T.);
#25=FACE_BOUND('',#208,.T.);
#26=FACE_BOUND('',#209,.T.);
#27=FACE_BOUND('',#210,.T.);
#28=FACE_BOUND('',#211,.T.);
#29=FACE_BOUND('',#217,.T.);
#30=FACE_BOUND('',#218,.T.);
#31=FACE_BOUND('',#219,.T.);
#32=FACE_BOUND('',#220,.T.);
#33=FACE_BOUND('',#222,.T.);
#34=FACE_BOUND('',#223,.T.);
#35=PLANE('',#1294);
#36=PLANE('',#1298);
#37=PLANE('',#1299);
#38=PLANE('',#1300);
#39=PLANE('',#1301);
#40=PLANE('',#1302);
#41=PLANE('',#1303);
#42=PLANE('',#1307);
#43=PLANE('',#1311);
#44=PLANE('',#1312);
#45=PLANE('',#1316);
#46=PLANE('',#1320);
#47=PLANE('',#1321);
#48=PLANE('',#1322);
#49=PLANE('',#1323);
#50=PLANE('',#1327);
#51=PLANE('',#1331);
#52=PLANE('',#1332);
#53=PLANE('',#1336);
#54=PLANE('',#1337);
#55=PLANE('',#1341);
#56=PLANE('',#1345);
#57=PLANE('',#1361);
#58=PLANE('',#1362);
#59=PLANE('',#1363);
#60=PLANE('',#1364);
#61=PLANE('',#1365);
#62=PLANE('',#1366);
#63=PLANE('',#1367);
#64=PLANE('',#1368);
#65=PLANE('',#1369);
#66=PLANE('',#1373);
#67=PLANE('',#1374);
#68=PLANE('',#1375);
#69=PLANE('',#1376);
#70=PLANE('',#1377);
#71=PLANE('',#1378);
#72=PLANE('',#1379);
#73=PLANE('',#1380);
#74=PLANE('',#1381);
#75=PLANE('',#1382);
#76=PLANE('',#1383);
#77=PLANE('',#1384);
#78=PLANE('',#1385);
#79=PLANE('',#1386);
#80=FACE_OUTER_BOUND('',#142,.T.);
#81=FACE_OUTER_BOUND('',#143,.T.);
#82=FACE_OUTER_BOUND('',#144,.T.);
#83=FACE_OUTER_BOUND('',#145,.T.);
#84=FACE_OUTER_BOUND('',#146,.T.);
#85=FACE_OUTER_BOUND('',#147,.T.);
#86=FACE_OUTER_BOUND('',#148,.T.);
#87=FACE_OUTER_BOUND('',#149,.T.);
#88=FACE_OUTER_BOUND('',#150,.T.);
#89=FACE_OUTER_BOUND('',#151,.T.);
#90=FACE_OUTER_BOUND('',#152,.T.);
#91=FACE_OUTER_BOUND('',#153,.T.);
#92=FACE_OUTER_BOUND('',#154,.T.);
#93=FACE_OUTER_BOUND('',#155,.T.);
#94=FACE_OUTER_BOUND('',#156,.T.);
#95=FACE_OUTER_BOUND('',#157,.T.);
#96=FACE_OUTER_BOUND('',#158,.T.);
#97=FACE_OUTER_BOUND('',#159,.T.);
#98=FACE_OUTER_BOUND('',#160,.T.);
#99=FACE_OUTER_BOUND('',#161,.T.);
#100=FACE_OUTER_BOUND('',#162,.T.);
#101=FACE_OUTER_BOUND('',#163,.T.);
#102=FACE_OUTER_BOUND('',#164,.T.);
#103=FACE_OUTER_BOUND('',#165,.T.);
#104=FACE_OUTER_BOUND('',#166,.T.);
#105=FACE_OUTER_BOUND('',#167,.T.);
#106=FACE_OUTER_BOUND('',#168,.T.);
#107=FACE_OUTER_BOUND('',#169,.T.);
#108=FACE_OUTER_BOUND('',#170,.T.);
#109=FACE_OUTER_BOUND('',#171,.T.);
#110=FACE_OUTER_BOUND('',#172,.T.);
#111=FACE_OUTER_BOUND('',#173,.T.);
#112=FACE_OUTER_BOUND('',#174,.T.);
#113=FACE_OUTER_BOUND('',#175,.T.);
#114=FACE_OUTER_BOUND('',#176,.T.);
#115=FACE_OUTER_BOUND('',#177,.T.);
#116=FACE_OUTER_BOUND('',#178,.T.);
#117=FACE_OUTER_BOUND('',#179,.T.);
#118=FACE_OUTER_BOUND('',#180,.T.);
#119=FACE_OUTER_BOUND('',#181,.T.);
#120=FACE_OUTER_BOUND('',#182,.T.);
#121=FACE_OUTER_BOUND('',#183,.T.);
#122=FACE_OUTER_BOUND('',#188,.T.);
#123=FACE_OUTER_BOUND('',#194,.T.);
#124=FACE_OUTER_BOUND('',#195,.T.);
#125=FACE_OUTER_BOUND('',#196,.T.);
#126=FACE_OUTER_BOUND('',#197,.T.);
#127=FACE_OUTER_BOUND('',#198,.T.);
#128=FACE_OUTER_BOUND('',#199,.T.);
#129=FACE_OUTER_BOUND('',#200,.T.);
#130=FACE_OUTER_BOUND('',#202,.T.);
#131=FACE_OUTER_BOUND('',#203,.T.);
#132=FACE_OUTER_BOUND('',#204,.T.);
#133=FACE_OUTER_BOUND('',#205,.T.);
#134=FACE_OUTER_BOUND('',#206,.T.);
#135=FACE_OUTER_BOUND('',#207,.T.);
#136=FACE_OUTER_BOUND('',#212,.T.);
#137=FACE_OUTER_BOUND('',#213,.T.);
#138=FACE_OUTER_BOUND('',#214,.T.);
#139=FACE_OUTER_BOUND('',#215,.T.);
#140=FACE_OUTER_BOUND('',#216,.T.);
#141=FACE_OUTER_BOUND('',#221,.T.);
#142=EDGE_LOOP('',(#850,#851,#852,#853));
#143=EDGE_LOOP('',(#854,#855,#856,#857));
#144=EDGE_LOOP('',(#858,#859,#860,#861));
#145=EDGE_LOOP('',(#862,#863,#864,#865));
#146=EDGE_LOOP('',(#866,#867,#868,#869));
#147=EDGE_LOOP('',(#870,#871,#872,#873));
#148=EDGE_LOOP('',(#874,#875,#876,#877));
#149=EDGE_LOOP('',(#878,#879,#880,#881));
#150=EDGE_LOOP('',(#882,#883,#884,#885));
#151=EDGE_LOOP('',(#886,#887,#888,#889));
#152=EDGE_LOOP('',(#890,#891,#892,#893));
#153=EDGE_LOOP('',(#894,#895,#896,#897));
#154=EDGE_LOOP('',(#898,#899,#900,#901));
#155=EDGE_LOOP('',(#902,#903,#904,#905));
#156=EDGE_LOOP('',(#906,#907,#908,#909));
#157=EDGE_LOOP('',(#910,#911,#912,#913));
#158=EDGE_LOOP('',(#914,#915,#916,#917));
#159=EDGE_LOOP('',(#918,#919,#920,#921));
#160=EDGE_LOOP('',(#922,#923,#924,#925));
#161=EDGE_LOOP('',(#926,#927,#928,#929));
#162=EDGE_LOOP('',(#930,#931,#932,#933));
#163=EDGE_LOOP('',(#934,#935,#936,#937));
#164=EDGE_LOOP('',(#938,#939,#940,#941));
#165=EDGE_LOOP('',(#942,#943,#944,#945));
#166=EDGE_LOOP('',(#946,#947,#948,#949));
#167=EDGE_LOOP('',(#950,#951,#952,#953));
#168=EDGE_LOOP('',(#954,#955,#956,#957));
#169=EDGE_LOOP('',(#958,#959,#960,#961));
#170=EDGE_LOOP('',(#962,#963,#964,#965));
#171=EDGE_LOOP('',(#966,#967,#968,#969));
#172=EDGE_LOOP('',(#970,#971,#972,#973));
#173=EDGE_LOOP('',(#974,#975,#976,#977));
#174=EDGE_LOOP('',(#978,#979,#980,#981));
#175=EDGE_LOOP('',(#982,#983,#984,#985));
#176=EDGE_LOOP('',(#986,#987,#988,#989));
#177=EDGE_LOOP('',(#990,#991,#992,#993));
#178=EDGE_LOOP('',(#994,#995,#996,#997));
#179=EDGE_LOOP('',(#998,#999,#1000,#1001));
#180=EDGE_LOOP('',(#1002,#1003,#1004,#1005));
#181=EDGE_LOOP('',(#1006,#1007,#1008,#1009));
#182=EDGE_LOOP('',(#1010,#1011,#1012,#1013));
#183=EDGE_LOOP('',(#1014,#1015,#1016,#1017));
#184=EDGE_LOOP('',(#1018,#1019,#1020,#1021));
#185=EDGE_LOOP('',(#1022,#1023,#1024,#1025,#1026,#1027,#1028,#1029));
#186=EDGE_LOOP('',(#1030,#1031,#1032,#1033,#1034,#1035,#1036,#1037));
#187=EDGE_LOOP('',(#1038,#1039,#1040,#1041,#1042,#1043,#1044,#1045,#1046,
#1047,#1048,#1049,#1050,#1051));
#188=EDGE_LOOP('',(#1052,#1053,#1054,#1055,#1056));
#189=EDGE_LOOP('',(#1057));
#190=EDGE_LOOP('',(#1058));
#191=EDGE_LOOP('',(#1059));
#192=EDGE_LOOP('',(#1060,#1061,#1062));
#193=EDGE_LOOP('',(#1063,#1064,#1065,#1066,#1067,#1068,#1069,#1070,#1071,
#1072,#1073,#1074));
#194=EDGE_LOOP('',(#1075,#1076,#1077,#1078));
#195=EDGE_LOOP('',(#1079,#1080,#1081,#1082));
#196=EDGE_LOOP('',(#1083,#1084,#1085,#1086));
#197=EDGE_LOOP('',(#1087,#1088,#1089,#1090,#1091,#1092,#1093,#1094));
#198=EDGE_LOOP('',(#1095,#1096,#1097,#1098));
#199=EDGE_LOOP('',(#1099,#1100,#1101,#1102));
#200=EDGE_LOOP('',(#1103,#1104,#1105,#1106,#1107,#1108));
#201=EDGE_LOOP('',(#1109));
#202=EDGE_LOOP('',(#1110,#1111,#1112,#1113));
#203=EDGE_LOOP('',(#1114,#1115,#1116,#1117));
#204=EDGE_LOOP('',(#1118,#1119,#1120,#1121,#1122,#1123));
#205=EDGE_LOOP('',(#1124,#1125,#1126,#1127,#1128,#1129));
#206=EDGE_LOOP('',(#1130,#1131,#1132,#1133));
#207=EDGE_LOOP('',(#1134,#1135,#1136,#1137,#1138));
#208=EDGE_LOOP('',(#1139));
#209=EDGE_LOOP('',(#1140));
#210=EDGE_LOOP('',(#1141));
#211=EDGE_LOOP('',(#1142));
#212=EDGE_LOOP('',(#1143,#1144,#1145,#1146));
#213=EDGE_LOOP('',(#1147,#1148,#1149,#1150));
#214=EDGE_LOOP('',(#1151,#1152,#1153,#1154));
#215=EDGE_LOOP('',(#1155,#1156,#1157,#1158));
#216=EDGE_LOOP('',(#1159,#1160,#1161,#1162));
#217=EDGE_LOOP('',(#1163,#1164,#1165,#1166));
#218=EDGE_LOOP('',(#1167,#1168,#1169,#1170,#1171,#1172,#1173,#1174));
#219=EDGE_LOOP('',(#1175,#1176,#1177,#1178,#1179,#1180,#1181,#1182));
#220=EDGE_LOOP('',(#1183,#1184,#1185,#1186,#1187,#1188,#1189,#1190,#1191,
#1192,#1193,#1194,#1195,#1196));
#221=EDGE_LOOP('',(#1197,#1198,#1199,#1200,#1201,#1202,#1203,#1204,#1205,
#1206,#1207));
#222=EDGE_LOOP('',(#1208));
#223=EDGE_LOOP('',(#1209));
#224=LINE('',#1733,#370);
#225=LINE('',#1736,#371);
#226=LINE('',#1739,#372);
#227=LINE('',#1741,#373);
#228=LINE('',#1742,#374);
#229=LINE('',#1748,#375);
#230=LINE('',#1750,#376);
#231=LINE('',#1751,#377);
#232=LINE('',#1755,#378);
#233=LINE('',#1757,#379);
#234=LINE('',#1759,#380);
#235=LINE('',#1760,#381);
#236=LINE('',#1763,#382);
#237=LINE('',#1765,#383);
#238=LINE('',#1766,#384);
#239=LINE('',#1769,#385);
#240=LINE('',#1771,#386);
#241=LINE('',#1772,#387);
#242=LINE('',#1775,#388);
#243=LINE('',#1777,#389);
#244=LINE('',#1778,#390);
#245=LINE('',#1781,#391);
#246=LINE('',#1783,#392);
#247=LINE('',#1784,#393);
#248=LINE('',#1790,#394);
#249=LINE('',#1793,#395);
#250=LINE('',#1795,#396);
#251=LINE('',#1796,#397);
#252=LINE('',#1803,#398);
#253=LINE('',#1805,#399);
#254=LINE('',#1807,#400);
#255=LINE('',#1808,#401);
#256=LINE('',#1811,#402);
#257=LINE('',#1813,#403);
#258=LINE('',#1814,#404);
#259=LINE('',#1820,#405);
#260=LINE('',#1823,#406);
#261=LINE('',#1825,#407);
#262=LINE('',#1826,#408);
#263=LINE('',#1832,#409);
#264=LINE('',#1835,#410);
#265=LINE('',#1837,#411);
#266=LINE('',#1838,#412);
#267=LINE('',#1841,#413);
#268=LINE('',#1843,#414);
#269=LINE('',#1844,#415);
#270=LINE('',#1846,#416);
#271=LINE('',#1847,#417);
#272=LINE('',#1851,#418);
#273=LINE('',#1853,#419);
#274=LINE('',#1855,#420);
#275=LINE('',#1856,#421);
#276=LINE('',#1862,#422);
#277=LINE('',#1865,#423);
#278=LINE('',#1867,#424);
#279=LINE('',#1868,#425);
#280=LINE('',#1874,#426);
#281=LINE('',#1877,#427);
#282=LINE('',#1879,#428);
#283=LINE('',#1880,#429);
#284=LINE('',#1883,#430);
#285=LINE('',#1885,#431);
#286=LINE('',#1886,#432);
#287=LINE('',#1892,#433);
#288=LINE('',#1895,#434);
#289=LINE('',#1897,#435);
#290=LINE('',#1898,#436);
#291=LINE('',#1901,#437);
#292=LINE('',#1903,#438);
#293=LINE('',#1904,#439);
#294=LINE('',#1909,#440);
#295=LINE('',#1913,#441);
#296=LINE('',#1915,#442);
#297=LINE('',#1916,#443);
#298=LINE('',#1921,#444);
#299=LINE('',#1925,#445);
#300=LINE('',#1927,#446);
#301=LINE('',#1928,#447);
#302=LINE('',#1936,#448);
#303=LINE('',#1942,#449);
#304=LINE('',#1948,#450);
#305=LINE('',#1954,#451);
#306=LINE('',#1959,#452);
#307=LINE('',#1961,#453);
#308=LINE('',#1963,#454);
#309=LINE('',#1964,#455);
#310=LINE('',#1967,#456);
#311=LINE('',#1969,#457);
#312=LINE('',#1970,#458);
#313=LINE('',#1973,#459);
#314=LINE('',#1975,#460);
#315=LINE('',#1976,#461);
#316=LINE('',#1979,#462);
#317=LINE('',#1981,#463);
#318=LINE('',#1982,#464);
#319=LINE('',#1986,#465);
#320=LINE('',#1988,#466);
#321=LINE('',#1990,#467);
#322=LINE('',#1992,#468);
#323=LINE('',#1993,#469);
#324=LINE('',#1996,#470);
#325=LINE('',#1998,#471);
#326=LINE('',#1999,#472);
#327=LINE('',#2001,#473);
#328=LINE('',#2003,#474);
#329=LINE('',#2005,#475);
#330=LINE('',#2007,#476);
#331=LINE('',#2009,#477);
#332=LINE('',#2011,#478);
#333=LINE('',#2013,#479);
#334=LINE('',#2014,#480);
#335=LINE('',#2018,#481);
#336=LINE('',#2019,#482);
#337=LINE('',#2020,#483);
#338=LINE('',#2022,#484);
#339=LINE('',#2025,#485);
#340=LINE('',#2026,#486);
#341=LINE('',#2029,#487);
#342=LINE('',#2031,#488);
#343=LINE('',#2032,#489);
#344=LINE('',#2034,#490);
#345=LINE('',#2035,#491);
#346=LINE('',#2040,#492);
#347=LINE('',#2044,#493);
#348=LINE('',#2046,#494);
#349=LINE('',#2047,#495);
#350=LINE('',#2050,#496);
#351=LINE('',#2052,#497);
#352=LINE('',#2053,#498);
#353=LINE('',#2054,#499);
#354=LINE('',#2057,#500);
#355=LINE('',#2060,#501);
#356=LINE('',#2061,#502);
#357=LINE('',#2064,#503);
#358=LINE('',#2065,#504);
#359=LINE('',#2067,#505);
#360=LINE('',#2071,#506);
#361=LINE('',#2073,#507);
#362=LINE('',#2075,#508);
#363=LINE('',#2077,#509);
#364=LINE('',#2078,#510);
#365=LINE('',#2080,#511);
#366=LINE('',#2081,#512);
#367=LINE('',#2083,#513);
#368=LINE('',#2085,#514);
#369=LINE('',#2087,#515);
#370=VECTOR('',#1393,10.);
#371=VECTOR('',#1396,10.);
#372=VECTOR('',#1399,10.);
#373=VECTOR('',#1400,10.);
#374=VECTOR('',#1401,10.);
#375=VECTOR('',#1408,10.);
#376=VECTOR('',#1411,10.);
#377=VECTOR('',#1412,10.);
#378=VECTOR('',#1415,10.);
#379=VECTOR('',#1416,10.);
#380=VECTOR('',#1417,10.);
#381=VECTOR('',#1418,10.);
#382=VECTOR('',#1421,10.);
#383=VECTOR('',#1422,10.);
#384=VECTOR('',#1423,10.);
#385=VECTOR('',#1426,10.);
#386=VECTOR('',#1427,10.);
#387=VECTOR('',#1428,10.);
#388=VECTOR('',#1431,10.);
#389=VECTOR('',#1432,10.);
#390=VECTOR('',#1433,10.);
#391=VECTOR('',#1436,10.);
#392=VECTOR('',#1437,10.);
#393=VECTOR('',#1438,10.);
#394=VECTOR('',#1445,10.);
#395=VECTOR('',#1448,10.);
#396=VECTOR('',#1449,10.);
#397=VECTOR('',#1450,10.);
#398=VECTOR('',#1459,10.);
#399=VECTOR('',#1460,10.);
#400=VECTOR('',#1461,10.);
#401=VECTOR('',#1462,10.);
#402=VECTOR('',#1465,10.);
#403=VECTOR('',#1466,10.);
#404=VECTOR('',#1467,10.);
#405=VECTOR('',#1474,10.);
#406=VECTOR('',#1477,10.);
#407=VECTOR('',#1478,10.);
#408=VECTOR('',#1479,10.);
#409=VECTOR('',#1486,10.);
#410=VECTOR('',#1489,10.);
#411=VECTOR('',#1490,10.);
#412=VECTOR('',#1491,10.);
#413=VECTOR('',#1494,10.);
#414=VECTOR('',#1495,10.);
#415=VECTOR('',#1496,10.);
#416=VECTOR('',#1499,10.);
#417=VECTOR('',#1500,10.);
#418=VECTOR('',#1503,10.);
#419=VECTOR('',#1504,10.);
#420=VECTOR('',#1505,10.);
#421=VECTOR('',#1506,10.);
#422=VECTOR('',#1513,10.);
#423=VECTOR('',#1516,10.);
#424=VECTOR('',#1517,10.);
#425=VECTOR('',#1518,10.);
#426=VECTOR('',#1525,10.);
#427=VECTOR('',#1528,10.);
#428=VECTOR('',#1529,10.);
#429=VECTOR('',#1530,10.);
#430=VECTOR('',#1533,10.);
#431=VECTOR('',#1534,10.);
#432=VECTOR('',#1535,10.);
#433=VECTOR('',#1542,10.);
#434=VECTOR('',#1545,10.);
#435=VECTOR('',#1546,10.);
#436=VECTOR('',#1547,10.);
#437=VECTOR('',#1550,10.);
#438=VECTOR('',#1551,10.);
#439=VECTOR('',#1552,10.);
#440=VECTOR('',#1557,10.);
#441=VECTOR('',#1562,10.);
#442=VECTOR('',#1563,10.);
#443=VECTOR('',#1564,10.);
#444=VECTOR('',#1569,10.);
#445=VECTOR('',#1574,10.);
#446=VECTOR('',#1575,10.);
#447=VECTOR('',#1576,10.);
#448=VECTOR('',#1587,1.2645);
#449=VECTOR('',#1594,1.2645);
#450=VECTOR('',#1601,1.2645);
#451=VECTOR('',#1608,1.2645);
#452=VECTOR('',#1613,10.);
#453=VECTOR('',#1614,10.);
#454=VECTOR('',#1615,10.);
#455=VECTOR('',#1616,10.);
#456=VECTOR('',#1619,10.);
#457=VECTOR('',#1620,10.);
#458=VECTOR('',#1621,10.);
#459=VECTOR('',#1624,10.);
#460=VECTOR('',#1625,10.);
#461=VECTOR('',#1626,10.);
#462=VECTOR('',#1629,10.);
#463=VECTOR('',#1630,10.);
#464=VECTOR('',#1631,10.);
#465=VECTOR('',#1634,10.);
#466=VECTOR('',#1635,10.);
#467=VECTOR('',#1636,10.);
#468=VECTOR('',#1637,10.);
#469=VECTOR('',#1638,10.);
#470=VECTOR('',#1639,10.);
#471=VECTOR('',#1640,10.);
#472=VECTOR('',#1641,10.);
#473=VECTOR('',#1642,10.);
#474=VECTOR('',#1643,10.);
#475=VECTOR('',#1644,10.);
#476=VECTOR('',#1645,10.);
#477=VECTOR('',#1646,10.);
#478=VECTOR('',#1647,10.);
#479=VECTOR('',#1648,10.);
#480=VECTOR('',#1649,10.);
#481=VECTOR('',#1652,10.);
#482=VECTOR('',#1653,10.);
#483=VECTOR('',#1654,10.);
#484=VECTOR('',#1657,10.);
#485=VECTOR('',#1660,10.);
#486=VECTOR('',#1661,10.);
#487=VECTOR('',#1664,10.);
#488=VECTOR('',#1665,10.);
#489=VECTOR('',#1666,10.);
#490=VECTOR('',#1667,10.);
#491=VECTOR('',#1668,10.);
#492=VECTOR('',#1673,1.2645);
#493=VECTOR('',#1678,10.);
#494=VECTOR('',#1679,10.);
#495=VECTOR('',#1680,10.);
#496=VECTOR('',#1683,10.);
#497=VECTOR('',#1684,10.);
#498=VECTOR('',#1685,10.);
#499=VECTOR('',#1686,10.);
#500=VECTOR('',#1691,10.);
#501=VECTOR('',#1694,10.);
#502=VECTOR('',#1695,10.);
#503=VECTOR('',#1698,10.);
#504=VECTOR('',#1699,10.);
#505=VECTOR('',#1702,10.);
#506=VECTOR('',#1705,10.);
#507=VECTOR('',#1706,10.);
#508=VECTOR('',#1707,10.);
#509=VECTOR('',#1708,10.);
#510=VECTOR('',#1709,10.);
#511=VECTOR('',#1712,10.);
#512=VECTOR('',#1713,10.);
#513=VECTOR('',#1716,10.);
#514=VECTOR('',#1719,10.);
#515=VECTOR('',#1722,10.);
#516=CIRCLE('',#1292,1.99999999999999);
#517=CIRCLE('',#1293,1.99999999999999);
#518=CIRCLE('',#1296,1.99999999999999);
#519=CIRCLE('',#1297,1.99999999999999);
#520=CIRCLE('',#1305,0.550000000000001);
#521=CIRCLE('',#1306,0.550000000000001);
#522=CIRCLE('',#1309,0.550000000000003);
#523=CIRCLE('',#1310,0.550000000000003);
#524=CIRCLE('',#1314,0.550000000000001);
#525=CIRCLE('',#1315,0.550000000000001);
#526=CIRCLE('',#1318,0.550000000000008);
#527=CIRCLE('',#1319,0.550000000000008);
#528=CIRCLE('',#1325,0.799999999999999);
#529=CIRCLE('',#1326,0.799999999999999);
#530=CIRCLE('',#1329,0.799999999999998);
#531=CIRCLE('',#1330,0.799999999999998);
#532=CIRCLE('',#1334,0.799999999999999);
#533=CIRCLE('',#1335,0.799999999999999);
#534=CIRCLE('',#1339,0.799999999999998);
#535=CIRCLE('',#1340,0.799999999999998);
#536=CIRCLE('',#1343,0.800000000000001);
#537=CIRCLE('',#1344,0.800000000000001);
#538=CIRCLE('',#1347,0.8);
#539=CIRCLE('',#1348,0.8);
#540=CIRCLE('',#1350,1.2645);
#541=CIRCLE('',#1351,1.2645);
#542=CIRCLE('',#1353,1.2645);
#543=CIRCLE('',#1354,1.2645);
#544=CIRCLE('',#1356,1.2645);
#545=CIRCLE('',#1357,1.2645);
#546=CIRCLE('',#1359,1.2645);
#547=CIRCLE('',#1360,1.2645);
#548=CIRCLE('',#1371,1.2645);
#549=CIRCLE('',#1372,1.2645);
#550=VERTEX_POINT('',#1729);
#551=VERTEX_POINT('',#1730);
#552=VERTEX_POINT('',#1732);
#553=VERTEX_POINT('',#1734);
#554=VERTEX_POINT('',#1738);
#555=VERTEX_POINT('',#1740);
#556=VERTEX_POINT('',#1744);
#557=VERTEX_POINT('',#1746);
#558=VERTEX_POINT('',#1753);
#559=VERTEX_POINT('',#1754);
#560=VERTEX_POINT('',#1756);
#561=VERTEX_POINT('',#1758);
#562=VERTEX_POINT('',#1762);
#563=VERTEX_POINT('',#1764);
#564=VERTEX_POINT('',#1768);
#565=VERTEX_POINT('',#1770);
#566=VERTEX_POINT('',#1774);
#567=VERTEX_POINT('',#1776);
#568=VERTEX_POINT('',#1780);
#569=VERTEX_POINT('',#1782);
#570=VERTEX_POINT('',#1786);
#571=VERTEX_POINT('',#1788);
#572=VERTEX_POINT('',#1792);
#573=VERTEX_POINT('',#1794);
#574=VERTEX_POINT('',#1801);
#575=VERTEX_POINT('',#1802);
#576=VERTEX_POINT('',#1804);
#577=VERTEX_POINT('',#1806);
#578=VERTEX_POINT('',#1810);
#579=VERTEX_POINT('',#1812);
#580=VERTEX_POINT('',#1816);
#581=VERTEX_POINT('',#1818);
#582=VERTEX_POINT('',#1822);
#583=VERTEX_POINT('',#1824);
#584=VERTEX_POINT('',#1828);
#585=VERTEX_POINT('',#1830);
#586=VERTEX_POINT('',#1834);
#587=VERTEX_POINT('',#1836);
#588=VERTEX_POINT('',#1840);
#589=VERTEX_POINT('',#1842);
#590=VERTEX_POINT('',#1849);
#591=VERTEX_POINT('',#1850);
#592=VERTEX_POINT('',#1852);
#593=VERTEX_POINT('',#1854);
#594=VERTEX_POINT('',#1858);
#595=VERTEX_POINT('',#1860);
#596=VERTEX_POINT('',#1864);
#597=VERTEX_POINT('',#1866);
#598=VERTEX_POINT('',#1870);
#599=VERTEX_POINT('',#1872);
#600=VERTEX_POINT('',#1876);
#601=VERTEX_POINT('',#1878);
#602=VERTEX_POINT('',#1882);
#603=VERTEX_POINT('',#1884);
#604=VERTEX_POINT('',#1888);
#605=VERTEX_POINT('',#1890);
#606=VERTEX_POINT('',#1894);
#607=VERTEX_POINT('',#1896);
#608=VERTEX_POINT('',#1900);
#609=VERTEX_POINT('',#1902);
#610=VERTEX_POINT('',#1906);
#611=VERTEX_POINT('',#1908);
#612=VERTEX_POINT('',#1912);
#613=VERTEX_POINT('',#1914);
#614=VERTEX_POINT('',#1918);
#615=VERTEX_POINT('',#1920);
#616=VERTEX_POINT('',#1924);
#617=VERTEX_POINT('',#1926);
#618=VERTEX_POINT('',#1933);
#619=VERTEX_POINT('',#1935);
#620=VERTEX_POINT('',#1939);
#621=VERTEX_POINT('',#1941);
#622=VERTEX_POINT('',#1945);
#623=VERTEX_POINT('',#1947);
#624=VERTEX_POINT('',#1951);
#625=VERTEX_POINT('',#1953);
#626=VERTEX_POINT('',#1957);
#627=VERTEX_POINT('',#1958);
#628=VERTEX_POINT('',#1960);
#629=VERTEX_POINT('',#1962);
#630=VERTEX_POINT('',#1966);
#631=VERTEX_POINT('',#1968);
#632=VERTEX_POINT('',#1972);
#633=VERTEX_POINT('',#1974);
#634=VERTEX_POINT('',#1978);
#635=VERTEX_POINT('',#1980);
#636=VERTEX_POINT('',#1984);
#637=VERTEX_POINT('',#1985);
#638=VERTEX_POINT('',#1987);
#639=VERTEX_POINT('',#1989);
#640=VERTEX_POINT('',#1991);
#641=VERTEX_POINT('',#1994);
#642=VERTEX_POINT('',#1995);
#643=VERTEX_POINT('',#1997);
#644=VERTEX_POINT('',#2000);
#645=VERTEX_POINT('',#2002);
#646=VERTEX_POINT('',#2004);
#647=VERTEX_POINT('',#2006);
#648=VERTEX_POINT('',#2008);
#649=VERTEX_POINT('',#2010);
#650=VERTEX_POINT('',#2012);
#651=VERTEX_POINT('',#2016);
#652=VERTEX_POINT('',#2017);
#653=VERTEX_POINT('',#2024);
#654=VERTEX_POINT('',#2028);
#655=VERTEX_POINT('',#2030);
#656=VERTEX_POINT('',#2033);
#657=VERTEX_POINT('',#2037);
#658=VERTEX_POINT('',#2039);
#659=VERTEX_POINT('',#2043);
#660=VERTEX_POINT('',#2045);
#661=VERTEX_POINT('',#2049);
#662=VERTEX_POINT('',#2051);
#663=VERTEX_POINT('',#2059);
#664=VERTEX_POINT('',#2063);
#665=VERTEX_POINT('',#2069);
#666=VERTEX_POINT('',#2070);
#667=VERTEX_POINT('',#2072);
#668=VERTEX_POINT('',#2074);
#669=VERTEX_POINT('',#2076);
#670=EDGE_CURVE('',#550,#551,#516,.T.);
#671=EDGE_CURVE('',#550,#552,#224,.T.);
#672=EDGE_CURVE('',#553,#552,#517,.T.);
#673=EDGE_CURVE('',#551,#553,#225,.T.);
#674=EDGE_CURVE('',#551,#554,#226,.T.);
#675=EDGE_CURVE('',#555,#553,#227,.T.);
#676=EDGE_CURVE('',#554,#555,#228,.T.);
#677=EDGE_CURVE('',#554,#556,#518,.T.);
#678=EDGE_CURVE('',#557,#555,#519,.T.);
#679=EDGE_CURVE('',#556,#557,#229,.T.);
#680=EDGE_CURVE('',#556,#550,#230,.T.);
#681=EDGE_CURVE('',#552,#557,#231,.T.);
#682=EDGE_CURVE('',#558,#559,#232,.T.);
#683=EDGE_CURVE('',#560,#558,#233,.T.);
#684=EDGE_CURVE('',#561,#560,#234,.T.);
#685=EDGE_CURVE('',#561,#559,#235,.T.);
#686=EDGE_CURVE('',#559,#562,#236,.T.);
#687=EDGE_CURVE('',#563,#561,#237,.T.);
#688=EDGE_CURVE('',#563,#562,#238,.T.);
#689=EDGE_CURVE('',#562,#564,#239,.T.);
#690=EDGE_CURVE('',#565,#563,#240,.T.);
#691=EDGE_CURVE('',#565,#564,#241,.T.);
#692=EDGE_CURVE('',#564,#566,#242,.T.);
#693=EDGE_CURVE('',#567,#565,#243,.T.);
#694=EDGE_CURVE('',#567,#566,#244,.T.);
#695=EDGE_CURVE('',#566,#568,#245,.T.);
#696=EDGE_CURVE('',#569,#567,#246,.T.);
#697=EDGE_CURVE('',#569,#568,#247,.T.);
#698=EDGE_CURVE('',#568,#570,#520,.T.);
#699=EDGE_CURVE('',#571,#569,#521,.T.);
#700=EDGE_CURVE('',#571,#570,#248,.T.);
#701=EDGE_CURVE('',#570,#572,#249,.T.);
#702=EDGE_CURVE('',#573,#571,#250,.T.);
#703=EDGE_CURVE('',#573,#572,#251,.T.);
#704=EDGE_CURVE('',#572,#558,#522,.T.);
#705=EDGE_CURVE('',#560,#573,#523,.T.);
#706=EDGE_CURVE('',#574,#575,#252,.T.);
#707=EDGE_CURVE('',#576,#574,#253,.T.);
#708=EDGE_CURVE('',#577,#576,#254,.T.);
#709=EDGE_CURVE('',#577,#575,#255,.T.);
#710=EDGE_CURVE('',#575,#578,#256,.T.);
#711=EDGE_CURVE('',#579,#577,#257,.T.);
#712=EDGE_CURVE('',#579,#578,#258,.T.);
#713=EDGE_CURVE('',#578,#580,#524,.T.);
#714=EDGE_CURVE('',#581,#579,#525,.T.);
#715=EDGE_CURVE('',#581,#580,#259,.T.);
#716=EDGE_CURVE('',#580,#582,#260,.T.);
#717=EDGE_CURVE('',#583,#581,#261,.T.);
#718=EDGE_CURVE('',#583,#582,#262,.T.);
#719=EDGE_CURVE('',#582,#584,#526,.T.);
#720=EDGE_CURVE('',#585,#583,#527,.T.);
#721=EDGE_CURVE('',#585,#584,#263,.T.);
#722=EDGE_CURVE('',#584,#586,#264,.T.);
#723=EDGE_CURVE('',#587,#585,#265,.T.);
#724=EDGE_CURVE('',#587,#586,#266,.T.);
#725=EDGE_CURVE('',#586,#588,#267,.T.);
#726=EDGE_CURVE('',#589,#587,#268,.T.);
#727=EDGE_CURVE('',#589,#588,#269,.T.);
#728=EDGE_CURVE('',#588,#574,#270,.T.);
#729=EDGE_CURVE('',#576,#589,#271,.T.);
#730=EDGE_CURVE('',#590,#591,#272,.T.);
#731=EDGE_CURVE('',#590,#592,#273,.T.);
#732=EDGE_CURVE('',#593,#592,#274,.T.);
#733=EDGE_CURVE('',#591,#593,#275,.T.);
#734=EDGE_CURVE('',#591,#594,#528,.T.);
#735=EDGE_CURVE('',#595,#593,#529,.T.);
#736=EDGE_CURVE('',#594,#595,#276,.T.);
#737=EDGE_CURVE('',#594,#596,#277,.T.);
#738=EDGE_CURVE('',#597,#595,#278,.T.);
#739=EDGE_CURVE('',#596,#597,#279,.T.);
#740=EDGE_CURVE('',#596,#598,#530,.T.);
#741=EDGE_CURVE('',#599,#597,#531,.T.);
#742=EDGE_CURVE('',#598,#599,#280,.T.);
#743=EDGE_CURVE('',#598,#600,#281,.T.);
#744=EDGE_CURVE('',#601,#599,#282,.T.);
#745=EDGE_CURVE('',#600,#601,#283,.T.);
#746=EDGE_CURVE('',#600,#602,#284,.T.);
#747=EDGE_CURVE('',#603,#601,#285,.T.);
#748=EDGE_CURVE('',#602,#603,#286,.T.);
#749=EDGE_CURVE('',#602,#604,#532,.T.);
#750=EDGE_CURVE('',#605,#603,#533,.T.);
#751=EDGE_CURVE('',#604,#605,#287,.T.);
#752=EDGE_CURVE('',#604,#606,#288,.T.);
#753=EDGE_CURVE('',#607,#605,#289,.T.);
#754=EDGE_CURVE('',#606,#607,#290,.T.);
#755=EDGE_CURVE('',#608,#590,#291,.T.);
#756=EDGE_CURVE('',#608,#609,#292,.T.);
#757=EDGE_CURVE('',#592,#609,#293,.T.);
#758=EDGE_CURVE('',#610,#608,#534,.T.);
#759=EDGE_CURVE('',#610,#611,#294,.T.);
#760=EDGE_CURVE('',#609,#611,#535,.T.);
#761=EDGE_CURVE('',#612,#610,#295,.T.);
#762=EDGE_CURVE('',#612,#613,#296,.T.);
#763=EDGE_CURVE('',#611,#613,#297,.T.);
#764=EDGE_CURVE('',#614,#612,#536,.T.);
#765=EDGE_CURVE('',#614,#615,#298,.T.);
#766=EDGE_CURVE('',#613,#615,#537,.T.);
#767=EDGE_CURVE('',#616,#614,#299,.T.);
#768=EDGE_CURVE('',#616,#617,#300,.T.);
#769=EDGE_CURVE('',#615,#617,#301,.T.);
#770=EDGE_CURVE('',#606,#616,#538,.T.);
#771=EDGE_CURVE('',#617,#607,#539,.T.);
#772=EDGE_CURVE('',#618,#618,#540,.T.);
#773=EDGE_CURVE('',#618,#619,#302,.T.);
#774=EDGE_CURVE('',#619,#619,#541,.T.);
#775=EDGE_CURVE('',#620,#620,#542,.T.);
#776=EDGE_CURVE('',#620,#621,#303,.T.);
#777=EDGE_CURVE('',#621,#621,#543,.T.);
#778=EDGE_CURVE('',#622,#622,#544,.T.);
#779=EDGE_CURVE('',#622,#623,#304,.T.);
#780=EDGE_CURVE('',#623,#623,#545,.T.);
#781=EDGE_CURVE('',#624,#624,#546,.T.);
#782=EDGE_CURVE('',#624,#625,#305,.T.);
#783=EDGE_CURVE('',#625,#625,#547,.T.);
#784=EDGE_CURVE('',#626,#627,#306,.T.);
#785=EDGE_CURVE('',#626,#628,#307,.T.);
#786=EDGE_CURVE('',#629,#628,#308,.T.);
#787=EDGE_CURVE('',#627,#629,#309,.T.);
#788=EDGE_CURVE('',#630,#626,#310,.T.);
#789=EDGE_CURVE('',#631,#630,#311,.T.);
#790=EDGE_CURVE('',#628,#631,#312,.T.);
#791=EDGE_CURVE('',#627,#632,#313,.T.);
#792=EDGE_CURVE('',#633,#629,#314,.T.);
#793=EDGE_CURVE('',#632,#633,#315,.T.);
#794=EDGE_CURVE('',#634,#633,#316,.T.);
#795=EDGE_CURVE('',#634,#635,#317,.T.);
#796=EDGE_CURVE('',#632,#635,#318,.T.);
#797=EDGE_CURVE('',#636,#637,#319,.T.);
#798=EDGE_CURVE('',#637,#638,#320,.T.);
#799=EDGE_CURVE('',#638,#639,#321,.T.);
#800=EDGE_CURVE('',#639,#640,#322,.T.);
#801=EDGE_CURVE('',#640,#636,#323,.T.);
#802=EDGE_CURVE('',#641,#642,#324,.T.);
#803=EDGE_CURVE('',#642,#643,#325,.T.);
#804=EDGE_CURVE('',#643,#641,#326,.T.);
#805=EDGE_CURVE('',#631,#644,#327,.T.);
#806=EDGE_CURVE('',#644,#645,#328,.T.);
#807=EDGE_CURVE('',#645,#646,#329,.T.);
#808=EDGE_CURVE('',#646,#647,#330,.T.);
#809=EDGE_CURVE('',#647,#648,#331,.T.);
#810=EDGE_CURVE('',#648,#649,#332,.T.);
#811=EDGE_CURVE('',#649,#650,#333,.T.);
#812=EDGE_CURVE('',#650,#634,#334,.T.);
#813=EDGE_CURVE('',#651,#652,#335,.T.);
#814=EDGE_CURVE('',#651,#650,#336,.T.);
#815=EDGE_CURVE('',#652,#649,#337,.T.);
#816=EDGE_CURVE('',#635,#651,#338,.T.);
#817=EDGE_CURVE('',#652,#653,#339,.T.);
#818=EDGE_CURVE('',#653,#648,#340,.T.);
#819=EDGE_CURVE('',#647,#654,#341,.T.);
#820=EDGE_CURVE('',#654,#655,#342,.T.);
#821=EDGE_CURVE('',#655,#643,#343,.T.);
#822=EDGE_CURVE('',#656,#642,#344,.T.);
#823=EDGE_CURVE('',#653,#656,#345,.T.);
#824=EDGE_CURVE('',#657,#657,#548,.T.);
#825=EDGE_CURVE('',#657,#658,#346,.T.);
#826=EDGE_CURVE('',#658,#658,#549,.T.);
#827=EDGE_CURVE('',#659,#645,#347,.T.);
#828=EDGE_CURVE('',#659,#660,#348,.T.);
#829=EDGE_CURVE('',#660,#646,#349,.T.);
#830=EDGE_CURVE('',#661,#659,#350,.T.);
#831=EDGE_CURVE('',#662,#661,#351,.T.);
#832=EDGE_CURVE('',#655,#662,#352,.T.);
#833=EDGE_CURVE('',#660,#654,#353,.T.);
#834=EDGE_CURVE('',#641,#662,#354,.T.);
#835=EDGE_CURVE('',#663,#661,#355,.T.);
#836=EDGE_CURVE('',#656,#663,#356,.T.);
#837=EDGE_CURVE('',#664,#644,#357,.T.);
#838=EDGE_CURVE('',#663,#664,#358,.T.);
#839=EDGE_CURVE('',#664,#630,#359,.T.);
#840=EDGE_CURVE('',#665,#666,#360,.T.);
#841=EDGE_CURVE('',#667,#665,#361,.T.);
#842=EDGE_CURVE('',#668,#667,#362,.T.);
#843=EDGE_CURVE('',#669,#668,#363,.T.);
#844=EDGE_CURVE('',#666,#669,#364,.T.);
#845=EDGE_CURVE('',#667,#640,#365,.T.);
#846=EDGE_CURVE('',#668,#639,#366,.T.);
#847=EDGE_CURVE('',#665,#636,#367,.T.);
#848=EDGE_CURVE('',#666,#637,#368,.T.);
#849=EDGE_CURVE('',#669,#638,#369,.T.);
#850=ORIENTED_EDGE('',*,*,#670,.F.);
#851=ORIENTED_EDGE('',*,*,#671,.T.);
#852=ORIENTED_EDGE('',*,*,#672,.F.);
#853=ORIENTED_EDGE('',*,*,#673,.F.);
#854=ORIENTED_EDGE('',*,*,#674,.F.);
#855=ORIENTED_EDGE('',*,*,#673,.T.);
#856=ORIENTED_EDGE('',*,*,#675,.F.);
#857=ORIENTED_EDGE('',*,*,#676,.F.);
#858=ORIENTED_EDGE('',*,*,#677,.F.);
#859=ORIENTED_EDGE('',*,*,#676,.T.);
#860=ORIENTED_EDGE('',*,*,#678,.F.);
#861=ORIENTED_EDGE('',*,*,#679,.F.);
#862=ORIENTED_EDGE('',*,*,#680,.F.);
#863=ORIENTED_EDGE('',*,*,#679,.T.);
#864=ORIENTED_EDGE('',*,*,#681,.F.);
#865=ORIENTED_EDGE('',*,*,#671,.F.);
#866=ORIENTED_EDGE('',*,*,#682,.F.);
#867=ORIENTED_EDGE('',*,*,#683,.F.);
#868=ORIENTED_EDGE('',*,*,#684,.F.);
#869=ORIENTED_EDGE('',*,*,#685,.T.);
#870=ORIENTED_EDGE('',*,*,#686,.F.);
#871=ORIENTED_EDGE('',*,*,#685,.F.);
#872=ORIENTED_EDGE('',*,*,#687,.F.);
#873=ORIENTED_EDGE('',*,*,#688,.T.);
#874=ORIENTED_EDGE('',*,*,#689,.F.);
#875=ORIENTED_EDGE('',*,*,#688,.F.);
#876=ORIENTED_EDGE('',*,*,#690,.F.);
#877=ORIENTED_EDGE('',*,*,#691,.T.);
#878=ORIENTED_EDGE('',*,*,#692,.F.);
#879=ORIENTED_EDGE('',*,*,#691,.F.);
#880=ORIENTED_EDGE('',*,*,#693,.F.);
#881=ORIENTED_EDGE('',*,*,#694,.T.);
#882=ORIENTED_EDGE('',*,*,#695,.F.);
#883=ORIENTED_EDGE('',*,*,#694,.F.);
#884=ORIENTED_EDGE('',*,*,#696,.F.);
#885=ORIENTED_EDGE('',*,*,#697,.T.);
#886=ORIENTED_EDGE('',*,*,#698,.F.);
#887=ORIENTED_EDGE('',*,*,#697,.F.);
#888=ORIENTED_EDGE('',*,*,#699,.F.);
#889=ORIENTED_EDGE('',*,*,#700,.T.);
#890=ORIENTED_EDGE('',*,*,#701,.F.);
#891=ORIENTED_EDGE('',*,*,#700,.F.);
#892=ORIENTED_EDGE('',*,*,#702,.F.);
#893=ORIENTED_EDGE('',*,*,#703,.T.);
#894=ORIENTED_EDGE('',*,*,#704,.F.);
#895=ORIENTED_EDGE('',*,*,#703,.F.);
#896=ORIENTED_EDGE('',*,*,#705,.F.);
#897=ORIENTED_EDGE('',*,*,#683,.T.);
#898=ORIENTED_EDGE('',*,*,#706,.F.);
#899=ORIENTED_EDGE('',*,*,#707,.F.);
#900=ORIENTED_EDGE('',*,*,#708,.F.);
#901=ORIENTED_EDGE('',*,*,#709,.T.);
#902=ORIENTED_EDGE('',*,*,#710,.F.);
#903=ORIENTED_EDGE('',*,*,#709,.F.);
#904=ORIENTED_EDGE('',*,*,#711,.F.);
#905=ORIENTED_EDGE('',*,*,#712,.T.);
#906=ORIENTED_EDGE('',*,*,#713,.F.);
#907=ORIENTED_EDGE('',*,*,#712,.F.);
#908=ORIENTED_EDGE('',*,*,#714,.F.);
#909=ORIENTED_EDGE('',*,*,#715,.T.);
#910=ORIENTED_EDGE('',*,*,#716,.F.);
#911=ORIENTED_EDGE('',*,*,#715,.F.);
#912=ORIENTED_EDGE('',*,*,#717,.F.);
#913=ORIENTED_EDGE('',*,*,#718,.T.);
#914=ORIENTED_EDGE('',*,*,#719,.F.);
#915=ORIENTED_EDGE('',*,*,#718,.F.);
#916=ORIENTED_EDGE('',*,*,#720,.F.);
#917=ORIENTED_EDGE('',*,*,#721,.T.);
#918=ORIENTED_EDGE('',*,*,#722,.F.);
#919=ORIENTED_EDGE('',*,*,#721,.F.);
#920=ORIENTED_EDGE('',*,*,#723,.F.);
#921=ORIENTED_EDGE('',*,*,#724,.T.);
#922=ORIENTED_EDGE('',*,*,#725,.F.);
#923=ORIENTED_EDGE('',*,*,#724,.F.);
#924=ORIENTED_EDGE('',*,*,#726,.F.);
#925=ORIENTED_EDGE('',*,*,#727,.T.);
#926=ORIENTED_EDGE('',*,*,#728,.F.);
#927=ORIENTED_EDGE('',*,*,#727,.F.);
#928=ORIENTED_EDGE('',*,*,#729,.F.);
#929=ORIENTED_EDGE('',*,*,#707,.T.);
#930=ORIENTED_EDGE('',*,*,#730,.F.);
#931=ORIENTED_EDGE('',*,*,#731,.T.);
#932=ORIENTED_EDGE('',*,*,#732,.F.);
#933=ORIENTED_EDGE('',*,*,#733,.F.);
#934=ORIENTED_EDGE('',*,*,#734,.F.);
#935=ORIENTED_EDGE('',*,*,#733,.T.);
#936=ORIENTED_EDGE('',*,*,#735,.F.);
#937=ORIENTED_EDGE('',*,*,#736,.F.);
#938=ORIENTED_EDGE('',*,*,#737,.F.);
#939=ORIENTED_EDGE('',*,*,#736,.T.);
#940=ORIENTED_EDGE('',*,*,#738,.F.);
#941=ORIENTED_EDGE('',*,*,#739,.F.);
#942=ORIENTED_EDGE('',*,*,#740,.F.);
#943=ORIENTED_EDGE('',*,*,#739,.T.);
#944=ORIENTED_EDGE('',*,*,#741,.F.);
#945=ORIENTED_EDGE('',*,*,#742,.F.);
#946=ORIENTED_EDGE('',*,*,#743,.F.);
#947=ORIENTED_EDGE('',*,*,#742,.T.);
#948=ORIENTED_EDGE('',*,*,#744,.F.);
#949=ORIENTED_EDGE('',*,*,#745,.F.);
#950=ORIENTED_EDGE('',*,*,#746,.F.);
#951=ORIENTED_EDGE('',*,*,#745,.T.);
#952=ORIENTED_EDGE('',*,*,#747,.F.);
#953=ORIENTED_EDGE('',*,*,#748,.F.);
#954=ORIENTED_EDGE('',*,*,#749,.F.);
#955=ORIENTED_EDGE('',*,*,#748,.T.);
#956=ORIENTED_EDGE('',*,*,#750,.F.);
#957=ORIENTED_EDGE('',*,*,#751,.F.);
#958=ORIENTED_EDGE('',*,*,#752,.F.);
#959=ORIENTED_EDGE('',*,*,#751,.T.);
#960=ORIENTED_EDGE('',*,*,#753,.F.);
#961=ORIENTED_EDGE('',*,*,#754,.F.);
#962=ORIENTED_EDGE('',*,*,#755,.F.);
#963=ORIENTED_EDGE('',*,*,#756,.T.);
#964=ORIENTED_EDGE('',*,*,#757,.F.);
#965=ORIENTED_EDGE('',*,*,#731,.F.);
#966=ORIENTED_EDGE('',*,*,#758,.F.);
#967=ORIENTED_EDGE('',*,*,#759,.T.);
#968=ORIENTED_EDGE('',*,*,#760,.F.);
#969=ORIENTED_EDGE('',*,*,#756,.F.);
#970=ORIENTED_EDGE('',*,*,#761,.F.);
#971=ORIENTED_EDGE('',*,*,#762,.T.);
#972=ORIENTED_EDGE('',*,*,#763,.F.);
#973=ORIENTED_EDGE('',*,*,#759,.F.);
#974=ORIENTED_EDGE('',*,*,#764,.F.);
#975=ORIENTED_EDGE('',*,*,#765,.T.);
#976=ORIENTED_EDGE('',*,*,#766,.F.);
#977=ORIENTED_EDGE('',*,*,#762,.F.);
#978=ORIENTED_EDGE('',*,*,#767,.F.);
#979=ORIENTED_EDGE('',*,*,#768,.T.);
#980=ORIENTED_EDGE('',*,*,#769,.F.);
#981=ORIENTED_EDGE('',*,*,#765,.F.);
#982=ORIENTED_EDGE('',*,*,#770,.F.);
#983=ORIENTED_EDGE('',*,*,#754,.T.);
#984=ORIENTED_EDGE('',*,*,#771,.F.);
#985=ORIENTED_EDGE('',*,*,#768,.F.);
#986=ORIENTED_EDGE('',*,*,#772,.F.);
#987=ORIENTED_EDGE('',*,*,#773,.T.);
#988=ORIENTED_EDGE('',*,*,#774,.F.);
#989=ORIENTED_EDGE('',*,*,#773,.F.);
#990=ORIENTED_EDGE('',*,*,#775,.F.);
#991=ORIENTED_EDGE('',*,*,#776,.T.);
#992=ORIENTED_EDGE('',*,*,#777,.F.);
#993=ORIENTED_EDGE('',*,*,#776,.F.);
#994=ORIENTED_EDGE('',*,*,#778,.F.);
#995=ORIENTED_EDGE('',*,*,#779,.T.);
#996=ORIENTED_EDGE('',*,*,#780,.F.);
#997=ORIENTED_EDGE('',*,*,#779,.F.);
#998=ORIENTED_EDGE('',*,*,#781,.F.);
#999=ORIENTED_EDGE('',*,*,#782,.T.);
#1000=ORIENTED_EDGE('',*,*,#783,.F.);
#1001=ORIENTED_EDGE('',*,*,#782,.F.);
#1002=ORIENTED_EDGE('',*,*,#784,.F.);
#1003=ORIENTED_EDGE('',*,*,#785,.T.);
#1004=ORIENTED_EDGE('',*,*,#786,.F.);
#1005=ORIENTED_EDGE('',*,*,#787,.F.);
#1006=ORIENTED_EDGE('',*,*,#788,.F.);
#1007=ORIENTED_EDGE('',*,*,#789,.F.);
#1008=ORIENTED_EDGE('',*,*,#790,.F.);
#1009=ORIENTED_EDGE('',*,*,#785,.F.);
#1010=ORIENTED_EDGE('',*,*,#791,.F.);
#1011=ORIENTED_EDGE('',*,*,#787,.T.);
#1012=ORIENTED_EDGE('',*,*,#792,.F.);
#1013=ORIENTED_EDGE('',*,*,#793,.F.);
#1014=ORIENTED_EDGE('',*,*,#793,.T.);
#1015=ORIENTED_EDGE('',*,*,#794,.F.);
#1016=ORIENTED_EDGE('',*,*,#795,.T.);
#1017=ORIENTED_EDGE('',*,*,#796,.F.);
#1018=ORIENTED_EDGE('',*,*,#680,.T.);
#1019=ORIENTED_EDGE('',*,*,#670,.T.);
#1020=ORIENTED_EDGE('',*,*,#674,.T.);
#1021=ORIENTED_EDGE('',*,*,#677,.T.);
#1022=ORIENTED_EDGE('',*,*,#695,.T.);
#1023=ORIENTED_EDGE('',*,*,#698,.T.);
#1024=ORIENTED_EDGE('',*,*,#701,.T.);
#1025=ORIENTED_EDGE('',*,*,#704,.T.);
#1026=ORIENTED_EDGE('',*,*,#682,.T.);
#1027=ORIENTED_EDGE('',*,*,#686,.T.);
#1028=ORIENTED_EDGE('',*,*,#689,.T.);
#1029=ORIENTED_EDGE('',*,*,#692,.T.);
#1030=ORIENTED_EDGE('',*,*,#719,.T.);
#1031=ORIENTED_EDGE('',*,*,#722,.T.);
#1032=ORIENTED_EDGE('',*,*,#725,.T.);
#1033=ORIENTED_EDGE('',*,*,#728,.T.);
#1034=ORIENTED_EDGE('',*,*,#706,.T.);
#1035=ORIENTED_EDGE('',*,*,#710,.T.);
#1036=ORIENTED_EDGE('',*,*,#713,.T.);
#1037=ORIENTED_EDGE('',*,*,#716,.T.);
#1038=ORIENTED_EDGE('',*,*,#752,.T.);
#1039=ORIENTED_EDGE('',*,*,#770,.T.);
#1040=ORIENTED_EDGE('',*,*,#767,.T.);
#1041=ORIENTED_EDGE('',*,*,#764,.T.);
#1042=ORIENTED_EDGE('',*,*,#761,.T.);
#1043=ORIENTED_EDGE('',*,*,#758,.T.);
#1044=ORIENTED_EDGE('',*,*,#755,.T.);
#1045=ORIENTED_EDGE('',*,*,#730,.T.);
#1046=ORIENTED_EDGE('',*,*,#734,.T.);
#1047=ORIENTED_EDGE('',*,*,#737,.T.);
#1048=ORIENTED_EDGE('',*,*,#740,.T.);
#1049=ORIENTED_EDGE('',*,*,#743,.T.);
#1050=ORIENTED_EDGE('',*,*,#746,.T.);
#1051=ORIENTED_EDGE('',*,*,#749,.T.);
#1052=ORIENTED_EDGE('',*,*,#797,.T.);
#1053=ORIENTED_EDGE('',*,*,#798,.T.);
#1054=ORIENTED_EDGE('',*,*,#799,.T.);
#1055=ORIENTED_EDGE('',*,*,#800,.T.);
#1056=ORIENTED_EDGE('',*,*,#801,.T.);
#1057=ORIENTED_EDGE('',*,*,#775,.T.);
#1058=ORIENTED_EDGE('',*,*,#778,.T.);
#1059=ORIENTED_EDGE('',*,*,#781,.T.);
#1060=ORIENTED_EDGE('',*,*,#802,.T.);
#1061=ORIENTED_EDGE('',*,*,#803,.T.);
#1062=ORIENTED_EDGE('',*,*,#804,.T.);
#1063=ORIENTED_EDGE('',*,*,#792,.T.);
#1064=ORIENTED_EDGE('',*,*,#786,.T.);
#1065=ORIENTED_EDGE('',*,*,#790,.T.);
#1066=ORIENTED_EDGE('',*,*,#805,.T.);
#1067=ORIENTED_EDGE('',*,*,#806,.T.);
#1068=ORIENTED_EDGE('',*,*,#807,.T.);
#1069=ORIENTED_EDGE('',*,*,#808,.T.);
#1070=ORIENTED_EDGE('',*,*,#809,.T.);
#1071=ORIENTED_EDGE('',*,*,#810,.T.);
#1072=ORIENTED_EDGE('',*,*,#811,.T.);
#1073=ORIENTED_EDGE('',*,*,#812,.T.);
#1074=ORIENTED_EDGE('',*,*,#794,.T.);
#1075=ORIENTED_EDGE('',*,*,#813,.F.);
#1076=ORIENTED_EDGE('',*,*,#814,.T.);
#1077=ORIENTED_EDGE('',*,*,#811,.F.);
#1078=ORIENTED_EDGE('',*,*,#815,.F.);
#1079=ORIENTED_EDGE('',*,*,#816,.F.);
#1080=ORIENTED_EDGE('',*,*,#795,.F.);
#1081=ORIENTED_EDGE('',*,*,#812,.F.);
#1082=ORIENTED_EDGE('',*,*,#814,.F.);
#1083=ORIENTED_EDGE('',*,*,#817,.F.);
#1084=ORIENTED_EDGE('',*,*,#815,.T.);
#1085=ORIENTED_EDGE('',*,*,#810,.F.);
#1086=ORIENTED_EDGE('',*,*,#818,.F.);
#1087=ORIENTED_EDGE('',*,*,#818,.T.);
#1088=ORIENTED_EDGE('',*,*,#809,.F.);
#1089=ORIENTED_EDGE('',*,*,#819,.T.);
#1090=ORIENTED_EDGE('',*,*,#820,.T.);
#1091=ORIENTED_EDGE('',*,*,#821,.T.);
#1092=ORIENTED_EDGE('',*,*,#803,.F.);
#1093=ORIENTED_EDGE('',*,*,#822,.F.);
#1094=ORIENTED_EDGE('',*,*,#823,.F.);
#1095=ORIENTED_EDGE('',*,*,#824,.F.);
#1096=ORIENTED_EDGE('',*,*,#825,.T.);
#1097=ORIENTED_EDGE('',*,*,#826,.F.);
#1098=ORIENTED_EDGE('',*,*,#825,.F.);
#1099=ORIENTED_EDGE('',*,*,#827,.F.);
#1100=ORIENTED_EDGE('',*,*,#828,.T.);
#1101=ORIENTED_EDGE('',*,*,#829,.T.);
#1102=ORIENTED_EDGE('',*,*,#807,.F.);
#1103=ORIENTED_EDGE('',*,*,#830,.F.);
#1104=ORIENTED_EDGE('',*,*,#831,.F.);
#1105=ORIENTED_EDGE('',*,*,#832,.F.);
#1106=ORIENTED_EDGE('',*,*,#820,.F.);
#1107=ORIENTED_EDGE('',*,*,#833,.F.);
#1108=ORIENTED_EDGE('',*,*,#828,.F.);
#1109=ORIENTED_EDGE('',*,*,#777,.T.);
#1110=ORIENTED_EDGE('',*,*,#819,.F.);
#1111=ORIENTED_EDGE('',*,*,#808,.F.);
#1112=ORIENTED_EDGE('',*,*,#829,.F.);
#1113=ORIENTED_EDGE('',*,*,#833,.T.);
#1114=ORIENTED_EDGE('',*,*,#834,.F.);
#1115=ORIENTED_EDGE('',*,*,#804,.F.);
#1116=ORIENTED_EDGE('',*,*,#821,.F.);
#1117=ORIENTED_EDGE('',*,*,#832,.T.);
#1118=ORIENTED_EDGE('',*,*,#834,.T.);
#1119=ORIENTED_EDGE('',*,*,#831,.T.);
#1120=ORIENTED_EDGE('',*,*,#835,.F.);
#1121=ORIENTED_EDGE('',*,*,#836,.F.);
#1122=ORIENTED_EDGE('',*,*,#822,.T.);
#1123=ORIENTED_EDGE('',*,*,#802,.F.);
#1124=ORIENTED_EDGE('',*,*,#827,.T.);
#1125=ORIENTED_EDGE('',*,*,#806,.F.);
#1126=ORIENTED_EDGE('',*,*,#837,.F.);
#1127=ORIENTED_EDGE('',*,*,#838,.F.);
#1128=ORIENTED_EDGE('',*,*,#835,.T.);
#1129=ORIENTED_EDGE('',*,*,#830,.T.);
#1130=ORIENTED_EDGE('',*,*,#789,.T.);
#1131=ORIENTED_EDGE('',*,*,#839,.F.);
#1132=ORIENTED_EDGE('',*,*,#837,.T.);
#1133=ORIENTED_EDGE('',*,*,#805,.F.);
#1134=ORIENTED_EDGE('',*,*,#840,.F.);
#1135=ORIENTED_EDGE('',*,*,#841,.F.);
#1136=ORIENTED_EDGE('',*,*,#842,.F.);
#1137=ORIENTED_EDGE('',*,*,#843,.F.);
#1138=ORIENTED_EDGE('',*,*,#844,.F.);
#1139=ORIENTED_EDGE('',*,*,#774,.T.);
#1140=ORIENTED_EDGE('',*,*,#780,.T.);
#1141=ORIENTED_EDGE('',*,*,#783,.T.);
#1142=ORIENTED_EDGE('',*,*,#824,.T.);
#1143=ORIENTED_EDGE('',*,*,#842,.T.);
#1144=ORIENTED_EDGE('',*,*,#845,.T.);
#1145=ORIENTED_EDGE('',*,*,#800,.F.);
#1146=ORIENTED_EDGE('',*,*,#846,.F.);
#1147=ORIENTED_EDGE('',*,*,#841,.T.);
#1148=ORIENTED_EDGE('',*,*,#847,.T.);
#1149=ORIENTED_EDGE('',*,*,#801,.F.);
#1150=ORIENTED_EDGE('',*,*,#845,.F.);
#1151=ORIENTED_EDGE('',*,*,#840,.T.);
#1152=ORIENTED_EDGE('',*,*,#848,.T.);
#1153=ORIENTED_EDGE('',*,*,#797,.F.);
#1154=ORIENTED_EDGE('',*,*,#847,.F.);
#1155=ORIENTED_EDGE('',*,*,#843,.T.);
#1156=ORIENTED_EDGE('',*,*,#846,.T.);
#1157=ORIENTED_EDGE('',*,*,#799,.F.);
#1158=ORIENTED_EDGE('',*,*,#849,.F.);
#1159=ORIENTED_EDGE('',*,*,#844,.T.);
#1160=ORIENTED_EDGE('',*,*,#849,.T.);
#1161=ORIENTED_EDGE('',*,*,#798,.F.);
#1162=ORIENTED_EDGE('',*,*,#848,.F.);
#1163=ORIENTED_EDGE('',*,*,#681,.T.);
#1164=ORIENTED_EDGE('',*,*,#678,.T.);
#1165=ORIENTED_EDGE('',*,*,#675,.T.);
#1166=ORIENTED_EDGE('',*,*,#672,.T.);
#1167=ORIENTED_EDGE('',*,*,#696,.T.);
#1168=ORIENTED_EDGE('',*,*,#693,.T.);
#1169=ORIENTED_EDGE('',*,*,#690,.T.);
#1170=ORIENTED_EDGE('',*,*,#687,.T.);
#1171=ORIENTED_EDGE('',*,*,#684,.T.);
#1172=ORIENTED_EDGE('',*,*,#705,.T.);
#1173=ORIENTED_EDGE('',*,*,#702,.T.);
#1174=ORIENTED_EDGE('',*,*,#699,.T.);
#1175=ORIENTED_EDGE('',*,*,#720,.T.);
#1176=ORIENTED_EDGE('',*,*,#717,.T.);
#1177=ORIENTED_EDGE('',*,*,#714,.T.);
#1178=ORIENTED_EDGE('',*,*,#711,.T.);
#1179=ORIENTED_EDGE('',*,*,#708,.T.);
#1180=ORIENTED_EDGE('',*,*,#729,.T.);
#1181=ORIENTED_EDGE('',*,*,#726,.T.);
#1182=ORIENTED_EDGE('',*,*,#723,.T.);
#1183=ORIENTED_EDGE('',*,*,#753,.T.);
#1184=ORIENTED_EDGE('',*,*,#750,.T.);
#1185=ORIENTED_EDGE('',*,*,#747,.T.);
#1186=ORIENTED_EDGE('',*,*,#744,.T.);
#1187=ORIENTED_EDGE('',*,*,#741,.T.);
#1188=ORIENTED_EDGE('',*,*,#738,.T.);
#1189=ORIENTED_EDGE('',*,*,#735,.T.);
#1190=ORIENTED_EDGE('',*,*,#732,.T.);
#1191=ORIENTED_EDGE('',*,*,#757,.T.);
#1192=ORIENTED_EDGE('',*,*,#760,.T.);
#1193=ORIENTED_EDGE('',*,*,#763,.T.);
#1194=ORIENTED_EDGE('',*,*,#766,.T.);
#1195=ORIENTED_EDGE('',*,*,#769,.T.);
#1196=ORIENTED_EDGE('',*,*,#771,.T.);
#1197=ORIENTED_EDGE('',*,*,#791,.T.);
#1198=ORIENTED_EDGE('',*,*,#796,.T.);
#1199=ORIENTED_EDGE('',*,*,#816,.T.);
#1200=ORIENTED_EDGE('',*,*,#813,.T.);
#1201=ORIENTED_EDGE('',*,*,#817,.T.);
#1202=ORIENTED_EDGE('',*,*,#823,.T.);
#1203=ORIENTED_EDGE('',*,*,#836,.T.);
#1204=ORIENTED_EDGE('',*,*,#838,.T.);
#1205=ORIENTED_EDGE('',*,*,#839,.T.);
#1206=ORIENTED_EDGE('',*,*,#788,.T.);
#1207=ORIENTED_EDGE('',*,*,#784,.T.);
#1208=ORIENTED_EDGE('',*,*,#772,.T.);
#1209=ORIENTED_EDGE('',*,*,#826,.T.);
#1210=CYLINDRICAL_SURFACE('',#1291,1.99999999999999);
#1211=CYLINDRICAL_SURFACE('',#1295,1.99999999999999);
#1212=CYLINDRICAL_SURFACE('',#1304,0.550000000000001);
#1213=CYLINDRICAL_SURFACE('',#1308,0.550000000000003);
#1214=CYLINDRICAL_SURFACE('',#1313,0.550000000000001);
#1215=CYLINDRICAL_SURFACE('',#1317,0.550000000000008);
#1216=CYLINDRICAL_SURFACE('',#1324,0.799999999999999);
#1217=CYLINDRICAL_SURFACE('',#1328,0.799999999999998);
#1218=CYLINDRICAL_SURFACE('',#1333,0.799999999999999);
#1219=CYLINDRICAL_SURFACE('',#1338,0.799999999999998);
#1220=CYLINDRICAL_SURFACE('',#1342,0.800000000000001);
#1221=CYLINDRICAL_SURFACE('',#1346,0.8);
#1222=CYLINDRICAL_SURFACE('',#1349,1.2645);
#1223=CYLINDRICAL_SURFACE('',#1352,1.2645);
#1224=CYLINDRICAL_SURFACE('',#1355,1.2645);
#1225=CYLINDRICAL_SURFACE('',#1358,1.2645);
#1226=CYLINDRICAL_SURFACE('',#1370,1.2645);
#1227=ADVANCED_FACE('',(#80),#1210,.F.);
#1228=ADVANCED_FACE('',(#81),#35,.T.);
#1229=ADVANCED_FACE('',(#82),#1211,.F.);
#1230=ADVANCED_FACE('',(#83),#36,.T.);
#1231=ADVANCED_FACE('',(#84),#37,.F.);
#1232=ADVANCED_FACE('',(#85),#38,.F.);
#1233=ADVANCED_FACE('',(#86),#39,.F.);
#1234=ADVANCED_FACE('',(#87),#40,.F.);
#1235=ADVANCED_FACE('',(#88),#41,.F.);
#1236=ADVANCED_FACE('',(#89),#1212,.F.);
#1237=ADVANCED_FACE('',(#90),#42,.F.);
#1238=ADVANCED_FACE('',(#91),#1213,.F.);
#1239=ADVANCED_FACE('',(#92),#43,.F.);
#1240=ADVANCED_FACE('',(#93),#44,.F.);
#1241=ADVANCED_FACE('',(#94),#1214,.F.);
#1242=ADVANCED_FACE('',(#95),#45,.F.);
#1243=ADVANCED_FACE('',(#96),#1215,.F.);
#1244=ADVANCED_FACE('',(#97),#46,.F.);
#1245=ADVANCED_FACE('',(#98),#47,.F.);
#1246=ADVANCED_FACE('',(#99),#48,.F.);
#1247=ADVANCED_FACE('',(#100),#49,.F.);
#1248=ADVANCED_FACE('',(#101),#1216,.F.);
#1249=ADVANCED_FACE('',(#102),#50,.F.);
#1250=ADVANCED_FACE('',(#103),#1217,.F.);
#1251=ADVANCED_FACE('',(#104),#51,.F.);
#1252=ADVANCED_FACE('',(#105),#52,.F.);
#1253=ADVANCED_FACE('',(#106),#1218,.F.);
#1254=ADVANCED_FACE('',(#107),#53,.F.);
#1255=ADVANCED_FACE('',(#108),#54,.F.);
#1256=ADVANCED_FACE('',(#109),#1219,.F.);
#1257=ADVANCED_FACE('',(#110),#55,.F.);
#1258=ADVANCED_FACE('',(#111),#1220,.F.);
#1259=ADVANCED_FACE('',(#112),#56,.F.);
#1260=ADVANCED_FACE('',(#113),#1221,.F.);
#1261=ADVANCED_FACE('',(#114),#1222,.F.);
#1262=ADVANCED_FACE('',(#115),#1223,.F.);
#1263=ADVANCED_FACE('',(#116),#1224,.F.);
#1264=ADVANCED_FACE('',(#117),#1225,.F.);
#1265=ADVANCED_FACE('',(#118),#57,.T.);
#1266=ADVANCED_FACE('',(#119),#58,.T.);
#1267=ADVANCED_FACE('',(#120),#59,.T.);
#1268=ADVANCED_FACE('',(#121,#15,#16,#17,#18),#60,.T.);
#1269=ADVANCED_FACE('',(#122,#19,#20,#21,#22,#23),#61,.T.);
#1270=ADVANCED_FACE('',(#123),#62,.T.);
#1271=ADVANCED_FACE('',(#124),#63,.T.);
#1272=ADVANCED_FACE('',(#125),#64,.T.);
#1273=ADVANCED_FACE('',(#126),#65,.T.);
#1274=ADVANCED_FACE('',(#127),#1226,.F.);
#1275=ADVANCED_FACE('',(#128),#66,.T.);
#1276=ADVANCED_FACE('',(#129,#24),#67,.F.);
#1277=ADVANCED_FACE('',(#130),#68,.T.);
#1278=ADVANCED_FACE('',(#131),#69,.T.);
#1279=ADVANCED_FACE('',(#132),#70,.T.);
#1280=ADVANCED_FACE('',(#133),#71,.T.);
#1281=ADVANCED_FACE('',(#134),#72,.T.);
#1282=ADVANCED_FACE('',(#135,#25,#26,#27,#28),#73,.F.);
#1283=ADVANCED_FACE('',(#136),#74,.T.);
#1284=ADVANCED_FACE('',(#137),#75,.T.);
#1285=ADVANCED_FACE('',(#138),#76,.T.);
#1286=ADVANCED_FACE('',(#139),#77,.T.);
#1287=ADVANCED_FACE('',(#140,#29,#30,#31,#32),#78,.T.);
#1288=ADVANCED_FACE('',(#141,#33,#34),#79,.T.);
#1289=CLOSED_SHELL('',(#1227,#1228,#1229,#1230,#1231,#1232,#1233,#1234,
#1235,#1236,#1237,#1238,#1239,#1240,#1241,#1242,#1243,#1244,#1245,#1246,
#1247,#1248,#1249,#1250,#1251,#1252,#1253,#1254,#1255,#1256,#1257,#1258,
#1259,#1260,#1261,#1262,#1263,#1264,#1265,#1266,#1267,#1268,#1269,#1270,
#1271,#1272,#1273,#1274,#1275,#1276,#1277,#1278,#1279,#1280,#1281,#1282,
#1283,#1284,#1285,#1286,#1287,#1288));
#1290=AXIS2_PLACEMENT_3D('',#1727,#1387,#1388);
#1291=AXIS2_PLACEMENT_3D('',#1728,#1389,#1390);
#1292=AXIS2_PLACEMENT_3D('',#1731,#1391,#1392);
#1293=AXIS2_PLACEMENT_3D('',#1735,#1394,#1395);
#1294=AXIS2_PLACEMENT_3D('',#1737,#1397,#1398);
#1295=AXIS2_PLACEMENT_3D('',#1743,#1402,#1403);
#1296=AXIS2_PLACEMENT_3D('',#1745,#1404,#1405);
#1297=AXIS2_PLACEMENT_3D('',#1747,#1406,#1407);
#1298=AXIS2_PLACEMENT_3D('',#1749,#1409,#1410);
#1299=AXIS2_PLACEMENT_3D('',#1752,#1413,#1414);
#1300=AXIS2_PLACEMENT_3D('',#1761,#1419,#1420);
#1301=AXIS2_PLACEMENT_3D('',#1767,#1424,#1425);
#1302=AXIS2_PLACEMENT_3D('',#1773,#1429,#1430);
#1303=AXIS2_PLACEMENT_3D('',#1779,#1434,#1435);
#1304=AXIS2_PLACEMENT_3D('',#1785,#1439,#1440);
#1305=AXIS2_PLACEMENT_3D('',#1787,#1441,#1442);
#1306=AXIS2_PLACEMENT_3D('',#1789,#1443,#1444);
#1307=AXIS2_PLACEMENT_3D('',#1791,#1446,#1447);
#1308=AXIS2_PLACEMENT_3D('',#1797,#1451,#1452);
#1309=AXIS2_PLACEMENT_3D('',#1798,#1453,#1454);
#1310=AXIS2_PLACEMENT_3D('',#1799,#1455,#1456);
#1311=AXIS2_PLACEMENT_3D('',#1800,#1457,#1458);
#1312=AXIS2_PLACEMENT_3D('',#1809,#1463,#1464);
#1313=AXIS2_PLACEMENT_3D('',#1815,#1468,#1469);
#1314=AXIS2_PLACEMENT_3D('',#1817,#1470,#1471);
#1315=AXIS2_PLACEMENT_3D('',#1819,#1472,#1473);
#1316=AXIS2_PLACEMENT_3D('',#1821,#1475,#1476);
#1317=AXIS2_PLACEMENT_3D('',#1827,#1480,#1481);
#1318=AXIS2_PLACEMENT_3D('',#1829,#1482,#1483);
#1319=AXIS2_PLACEMENT_3D('',#1831,#1484,#1485);
#1320=AXIS2_PLACEMENT_3D('',#1833,#1487,#1488);
#1321=AXIS2_PLACEMENT_3D('',#1839,#1492,#1493);
#1322=AXIS2_PLACEMENT_3D('',#1845,#1497,#1498);
#1323=AXIS2_PLACEMENT_3D('',#1848,#1501,#1502);
#1324=AXIS2_PLACEMENT_3D('',#1857,#1507,#1508);
#1325=AXIS2_PLACEMENT_3D('',#1859,#1509,#1510);
#1326=AXIS2_PLACEMENT_3D('',#1861,#1511,#1512);
#1327=AXIS2_PLACEMENT_3D('',#1863,#1514,#1515);
#1328=AXIS2_PLACEMENT_3D('',#1869,#1519,#1520);
#1329=AXIS2_PLACEMENT_3D('',#1871,#1521,#1522);
#1330=AXIS2_PLACEMENT_3D('',#1873,#1523,#1524);
#1331=AXIS2_PLACEMENT_3D('',#1875,#1526,#1527);
#1332=AXIS2_PLACEMENT_3D('',#1881,#1531,#1532);
#1333=AXIS2_PLACEMENT_3D('',#1887,#1536,#1537);
#1334=AXIS2_PLACEMENT_3D('',#1889,#1538,#1539);
#1335=AXIS2_PLACEMENT_3D('',#1891,#1540,#1541);
#1336=AXIS2_PLACEMENT_3D('',#1893,#1543,#1544);
#1337=AXIS2_PLACEMENT_3D('',#1899,#1548,#1549);
#1338=AXIS2_PLACEMENT_3D('',#1905,#1553,#1554);
#1339=AXIS2_PLACEMENT_3D('',#1907,#1555,#1556);
#1340=AXIS2_PLACEMENT_3D('',#1910,#1558,#1559);
#1341=AXIS2_PLACEMENT_3D('',#1911,#1560,#1561);
#1342=AXIS2_PLACEMENT_3D('',#1917,#1565,#1566);
#1343=AXIS2_PLACEMENT_3D('',#1919,#1567,#1568);
#1344=AXIS2_PLACEMENT_3D('',#1922,#1570,#1571);
#1345=AXIS2_PLACEMENT_3D('',#1923,#1572,#1573);
#1346=AXIS2_PLACEMENT_3D('',#1929,#1577,#1578);
#1347=AXIS2_PLACEMENT_3D('',#1930,#1579,#1580);
#1348=AXIS2_PLACEMENT_3D('',#1931,#1581,#1582);
#1349=AXIS2_PLACEMENT_3D('',#1932,#1583,#1584);
#1350=AXIS2_PLACEMENT_3D('',#1934,#1585,#1586);
#1351=AXIS2_PLACEMENT_3D('',#1937,#1588,#1589);
#1352=AXIS2_PLACEMENT_3D('',#1938,#1590,#1591);
#1353=AXIS2_PLACEMENT_3D('',#1940,#1592,#1593);
#1354=AXIS2_PLACEMENT_3D('',#1943,#1595,#1596);
#1355=AXIS2_PLACEMENT_3D('',#1944,#1597,#1598);
#1356=AXIS2_PLACEMENT_3D('',#1946,#1599,#1600);
#1357=AXIS2_PLACEMENT_3D('',#1949,#1602,#1603);
#1358=AXIS2_PLACEMENT_3D('',#1950,#1604,#1605);
#1359=AXIS2_PLACEMENT_3D('',#1952,#1606,#1607);
#1360=AXIS2_PLACEMENT_3D('',#1955,#1609,#1610);
#1361=AXIS2_PLACEMENT_3D('',#1956,#1611,#1612);
#1362=AXIS2_PLACEMENT_3D('',#1965,#1617,#1618);
#1363=AXIS2_PLACEMENT_3D('',#1971,#1622,#1623);
#1364=AXIS2_PLACEMENT_3D('',#1977,#1627,#1628);
#1365=AXIS2_PLACEMENT_3D('',#1983,#1632,#1633);
#1366=AXIS2_PLACEMENT_3D('',#2015,#1650,#1651);
#1367=AXIS2_PLACEMENT_3D('',#2021,#1655,#1656);
#1368=AXIS2_PLACEMENT_3D('',#2023,#1658,#1659);
#1369=AXIS2_PLACEMENT_3D('',#2027,#1662,#1663);
#1370=AXIS2_PLACEMENT_3D('',#2036,#1669,#1670);
#1371=AXIS2_PLACEMENT_3D('',#2038,#1671,#1672);
#1372=AXIS2_PLACEMENT_3D('',#2041,#1674,#1675);
#1373=AXIS2_PLACEMENT_3D('',#2042,#1676,#1677);
#1374=AXIS2_PLACEMENT_3D('',#2048,#1681,#1682);
#1375=AXIS2_PLACEMENT_3D('',#2055,#1687,#1688);
#1376=AXIS2_PLACEMENT_3D('',#2056,#1689,#1690);
#1377=AXIS2_PLACEMENT_3D('',#2058,#1692,#1693);
#1378=AXIS2_PLACEMENT_3D('',#2062,#1696,#1697);
#1379=AXIS2_PLACEMENT_3D('',#2066,#1700,#1701);
#1380=AXIS2_PLACEMENT_3D('',#2068,#1703,#1704);
#1381=AXIS2_PLACEMENT_3D('',#2079,#1710,#1711);
#1382=AXIS2_PLACEMENT_3D('',#2082,#1714,#1715);
#1383=AXIS2_PLACEMENT_3D('',#2084,#1717,#1718);
#1384=AXIS2_PLACEMENT_3D('',#2086,#1720,#1721);
#1385=AXIS2_PLACEMENT_3D('',#2088,#1723,#1724);
#1386=AXIS2_PLACEMENT_3D('',#2089,#1725,#1726);
#1387=DIRECTION('axis',(0.,0.,1.));
#1388=DIRECTION('refdir',(1.,0.,0.));
#1389=DIRECTION('center_axis',(1.,0.,0.));
#1390=DIRECTION('ref_axis',(0.,1.,-2.30986075936483E-8));
#1391=DIRECTION('center_axis',(1.,0.,0.));
#1392=DIRECTION('ref_axis',(0.,-1.,0.));
#1393=DIRECTION('',(1.,0.,0.));
#1394=DIRECTION('center_axis',(-1.,0.,0.));
#1395=DIRECTION('ref_axis',(0.,-1.,0.));
#1396=DIRECTION('',(1.,0.,0.));
#1397=DIRECTION('center_axis',(0.,1.48029736616687E-15,-1.));
#1398=DIRECTION('ref_axis',(0.,1.,1.48029736616687E-15));
#1399=DIRECTION('',(0.,-1.,-1.48029736616687E-15));
#1400=DIRECTION('',(0.,1.,1.48029736616687E-15));
#1401=DIRECTION('',(1.,0.,0.));
#1402=DIRECTION('center_axis',(1.,0.,0.));
#1403=DIRECTION('ref_axis',(0.,-1.,0.));
#1404=DIRECTION('center_axis',(1.,0.,0.));
#1405=DIRECTION('ref_axis',(0.,-1.,0.));
#1406=DIRECTION('center_axis',(-1.,0.,0.));
#1407=DIRECTION('ref_axis',(0.,-1.,0.));
#1408=DIRECTION('',(1.,0.,0.));
#1409=DIRECTION('center_axis',(0.,0.,1.));
#1410=DIRECTION('ref_axis',(0.,-1.,0.));
#1411=DIRECTION('',(0.,1.,0.));
#1412=DIRECTION('',(0.,-1.,0.));
#1413=DIRECTION('center_axis',(1.48029736616686E-15,3.21687221912446E-16,
-1.));
#1414=DIRECTION('ref_axis',(3.36145001728589E-14,-1.,-3.21687221912397E-16));
#1415=DIRECTION('',(-5.93692831603752E-17,1.,3.21687221912446E-16));
#1416=DIRECTION('',(-1.,-3.33066907387547E-14,-1.48029736616688E-15));
#1417=DIRECTION('',(5.82021461465257E-17,-1.,-3.21687221912446E-16));
#1418=DIRECTION('',(-1.,-3.33066907387547E-14,-1.48029736616688E-15));
#1419=DIRECTION('center_axis',(-2.25046585744674E-14,0.707106781186547,
-0.707106781186548));
#1420=DIRECTION('ref_axis',(2.34067577697302E-14,-0.707106781186548,-0.707106781186547));
#1421=DIRECTION('',(-4.19804227168857E-17,0.707106781186548,0.707106781186547));
#1422=DIRECTION('',(4.11551322198189E-17,-0.707106781186548,-0.707106781186547));
#1423=DIRECTION('',(-1.,-3.33066907387547E-14,-1.48029736616688E-15));
#1424=DIRECTION('center_axis',(-3.33066907387547E-14,1.,2.45094428337786E-30));
#1425=DIRECTION('ref_axis',(2.80289259815405E-15,9.58060212240393E-29,-1.));
#1426=DIRECTION('',(1.45510805170163E-46,-2.45094428337786E-30,1.));
#1427=DIRECTION('',(-1.4265021737815E-46,2.45094428337786E-30,-1.));
#1428=DIRECTION('',(-1.,-3.33066907387547E-14,-1.48029736616688E-15));
#1429=DIRECTION('center_axis',(-2.45981151860458E-14,0.707106781186546,
0.707106781186549));
#1430=DIRECTION('ref_axis',(-2.25112006263784E-14,0.707106781186549,-0.707106781186546));
#1431=DIRECTION('',(4.19804227168857E-17,-0.707106781186549,0.707106781186546));
#1432=DIRECTION('',(-4.11551322198189E-17,0.707106781186549,-0.707106781186546));
#1433=DIRECTION('',(-1.,-3.33066907387547E-14,-1.48029736616688E-15));
#1434=DIRECTION('center_axis',(-1.48029736616687E-15,-1.54081947549088E-16,
1.));
#1435=DIRECTION('ref_axis',(-3.36009768460446E-14,1.,1.54081947549038E-16));
#1436=DIRECTION('',(5.93692831603752E-17,-1.,-1.54081947549088E-16));
#1437=DIRECTION('',(-5.82021461465257E-17,1.,1.54081947549088E-16));
#1438=DIRECTION('',(-1.,-3.33066907387547E-14,-1.48029736616688E-15));
#1439=DIRECTION('center_axis',(-1.,-3.33066907387547E-14,-1.48029736616688E-15));
#1440=DIRECTION('ref_axis',(2.42116906963196E-14,-0.756022650410608,0.654545454545458));
#1441=DIRECTION('center_axis',(1.,5.93692831603752E-17,0.));
#1442=DIRECTION('ref_axis',(2.42116906963196E-14,-0.756022650410608,0.654545454545458));
#1443=DIRECTION('center_axis',(-1.,-5.82021461465257E-17,0.));
#1444=DIRECTION('ref_axis',(2.42116906963196E-14,-0.756022650410608,0.654545454545458));
#1445=DIRECTION('',(-1.,-3.33066907387547E-14,-1.48029736616688E-15));
#1446=DIRECTION('center_axis',(3.33066907387547E-14,-1.,-2.46150010494419E-30));
#1447=DIRECTION('ref_axis',(-2.04226549300901E-15,-7.04826052870257E-29,
1.));
#1448=DIRECTION('',(-1.46137496729725E-46,2.46150010494419E-30,-1.));
#1449=DIRECTION('',(1.4326458884765E-46,-2.46150010494419E-30,1.));
#1450=DIRECTION('',(-1.,-3.33066907387547E-14,-1.48029736616688E-15));
#1451=DIRECTION('center_axis',(-1.,-3.33066907387547E-14,-1.48029736616688E-15));
#1452=DIRECTION('ref_axis',(3.33066907387547E-14,-1.,4.03717463500056E-15));
#1453=DIRECTION('center_axis',(1.,5.93692831603752E-17,0.));
#1454=DIRECTION('ref_axis',(3.33066907387547E-14,-1.,4.03717463500056E-15));
#1455=DIRECTION('center_axis',(-1.,-5.82021461465257E-17,0.));
#1456=DIRECTION('ref_axis',(3.33066907387547E-14,-1.,4.03717463500056E-15));
#1457=DIRECTION('center_axis',(-2.45981151860458E-14,0.707106781186547,
0.707106781186548));
#1458=DIRECTION('ref_axis',(-2.44085933256942E-14,0.707106781186548,-0.707106781186547));
#1459=DIRECTION('',(4.19804227168857E-17,-0.707106781186548,0.707106781186547));
#1460=DIRECTION('',(-1.,-3.33066907387547E-14,-1.48029736616688E-15));
#1461=DIRECTION('',(-4.11551322198189E-17,0.707106781186548,-0.707106781186547));
#1462=DIRECTION('',(-1.,-3.33066907387547E-14,-1.48029736616688E-15));
#1463=DIRECTION('center_axis',(-1.48029736616687E-15,-1.54081947549088E-16,
1.));
#1464=DIRECTION('ref_axis',(-3.29846490558485E-14,1.,1.54081947549039E-16));
#1465=DIRECTION('',(5.93692831603752E-17,-1.,-1.54081947549088E-16));
#1466=DIRECTION('',(-5.82021461465257E-17,1.,1.54081947549088E-16));
#1467=DIRECTION('',(-1.,-3.33066907387547E-14,-1.48029736616688E-15));
#1468=DIRECTION('center_axis',(-1.,-3.33066907387547E-14,-1.48029736616688E-15));
#1469=DIRECTION('ref_axis',(2.42116906963196E-14,-0.756022650410608,0.654545454545458));
#1470=DIRECTION('center_axis',(1.,5.93692831603752E-17,0.));
#1471=DIRECTION('ref_axis',(2.42116906963196E-14,-0.756022650410608,0.654545454545458));
#1472=DIRECTION('center_axis',(-1.,-5.82021461465257E-17,0.));
#1473=DIRECTION('ref_axis',(2.42116906963196E-14,-0.756022650410608,0.654545454545458));
#1474=DIRECTION('',(-1.,-3.33066907387547E-14,-1.48029736616688E-15));
#1475=DIRECTION('center_axis',(3.33066907387547E-14,-1.,-2.46961996768752E-30));
#1476=DIRECTION('ref_axis',(-1.45716771982052E-15,-5.1003054566246E-29,
1.));
#1477=DIRECTION('',(-1.46619567160157E-46,2.46961996768752E-30,-1.));
#1478=DIRECTION('',(1.43737182285727E-46,-2.46961996768752E-30,1.));
#1479=DIRECTION('',(-1.,-3.33066907387547E-14,-1.48029736616688E-15));
#1480=DIRECTION('center_axis',(-1.,-3.33066907387547E-14,-1.48029736616688E-15));
#1481=DIRECTION('ref_axis',(3.33066907387547E-14,-1.,4.03717463500052E-15));
#1482=DIRECTION('center_axis',(1.,5.93692831603752E-17,0.));
#1483=DIRECTION('ref_axis',(3.33066907387547E-14,-1.,4.03717463500052E-15));
#1484=DIRECTION('center_axis',(-1.,-5.82021461465257E-17,0.));
#1485=DIRECTION('ref_axis',(3.33066907387547E-14,-1.,4.03717463500052E-15));
#1486=DIRECTION('',(-1.,-3.33066907387547E-14,-1.48029736616688E-15));
#1487=DIRECTION('center_axis',(1.48029736616686E-15,3.21687221912447E-16,
-1.));
#1488=DIRECTION('ref_axis',(3.32928129509465E-14,-1.,-3.21687221912397E-16));
#1489=DIRECTION('',(-5.93692831603752E-17,1.,3.21687221912447E-16));
#1490=DIRECTION('',(5.82021461465257E-17,-1.,-3.21687221912447E-16));
#1491=DIRECTION('',(-1.,-3.33066907387547E-14,-1.48029736616688E-15));
#1492=DIRECTION('center_axis',(-2.25046585744674E-14,0.707106781186546,
-0.707106781186549));
#1493=DIRECTION('ref_axis',(2.45719469784009E-14,-0.707106781186549,-0.707106781186546));
#1494=DIRECTION('',(-4.19804227168857E-17,0.707106781186549,0.707106781186546));
#1495=DIRECTION('',(4.11551322198189E-17,-0.707106781186549,-0.707106781186546));
#1496=DIRECTION('',(-1.,-3.33066907387547E-14,-1.48029736616688E-15));
#1497=DIRECTION('center_axis',(-3.33066907387547E-14,1.,2.46961996768752E-30));
#1498=DIRECTION('ref_axis',(1.45716771982052E-15,5.1003054566246E-29,-1.));
#1499=DIRECTION('',(1.46619567160157E-46,-2.46961996768752E-30,1.));
#1500=DIRECTION('',(-1.43737182285727E-46,2.46961996768752E-30,-1.));
#1501=DIRECTION('center_axis',(1.59002207300268E-16,0.747216293789815,0.664580928326275));
#1502=DIRECTION('ref_axis',(8.92819114522896E-17,-0.664580928326275,0.747216293789815));
#1503=DIRECTION('',(3.94556933167877E-17,-0.664580928326275,0.747216293789815));
#1504=DIRECTION('',(1.,-2.12792746386488E-16,0.));
#1505=DIRECTION('',(-3.86800363166396E-17,0.664580928326275,-0.747216293789815));
#1506=DIRECTION('',(1.,-2.12792746386488E-16,0.));
#1507=DIRECTION('center_axis',(1.,-2.12792746386488E-16,0.));
#1508=DIRECTION('ref_axis',(1.59746391014635E-16,0.750713516918911,0.660627894896393));
#1509=DIRECTION('center_axis',(1.,5.93692831603752E-17,0.));
#1510=DIRECTION('ref_axis',(1.59746391014635E-16,0.750713516918911,0.660627894896393));
#1511=DIRECTION('center_axis',(-1.,-5.82021461465257E-17,0.));
#1512=DIRECTION('ref_axis',(1.59746391014635E-16,0.750713516918911,0.660627894896393));
#1513=DIRECTION('',(1.,-2.12792746386488E-16,0.));
#1514=DIRECTION('center_axis',(0.,0.,1.));
#1515=DIRECTION('ref_axis',(-3.56347905010543E-16,-1.,0.));
#1516=DIRECTION('',(5.93692831603752E-17,-1.,0.));
#1517=DIRECTION('',(-5.82021461465257E-17,1.,0.));
#1518=DIRECTION('',(1.,-2.12792746386488E-16,0.));
#1519=DIRECTION('center_axis',(1.,-2.12792746386488E-16,0.));
#1520=DIRECTION('ref_axis',(1.47654629069688E-31,6.93889390390724E-16,1.));
#1521=DIRECTION('center_axis',(1.,5.93692831603752E-17,0.));
#1522=DIRECTION('ref_axis',(1.47654629069688E-31,6.93889390390724E-16,1.));
#1523=DIRECTION('center_axis',(-1.,-5.82021461465257E-17,0.));
#1524=DIRECTION('ref_axis',(1.47654629069688E-31,6.93889390390724E-16,1.));
#1525=DIRECTION('',(1.,-2.12792746386488E-16,0.));
#1526=DIRECTION('center_axis',(-1.5900220730025E-16,-0.747216293789732,
0.664580928326368));
#1527=DIRECTION('ref_axis',(-1.62928899142803E-15,-0.664580928326368,-0.747216293789732));
#1528=DIRECTION('',(3.94556933167932E-17,-0.664580928326368,-0.747216293789732));
#1529=DIRECTION('',(-3.8680036316645E-17,0.664580928326368,0.747216293789732));
#1530=DIRECTION('',(1.,-2.12792746386488E-16,0.));
#1531=DIRECTION('center_axis',(-6.25793354509237E-17,-0.294085848853433,
0.955779008717055));
#1532=DIRECTION('ref_axis',(3.17726336690935E-15,-0.955779008717055,-0.294085848853433));
#1533=DIRECTION('',(5.67439146072656E-17,-0.955779008717055,-0.294085848853433));
#1534=DIRECTION('',(-5.56283895491315E-17,0.955779008717055,0.294085848853433));
#1535=DIRECTION('',(1.,-2.12792746386488E-16,0.));
#1536=DIRECTION('center_axis',(1.,-2.12792746386488E-16,0.));
#1537=DIRECTION('ref_axis',(-6.25793354509587E-17,-0.294085848853598,0.955779008717004));
#1538=DIRECTION('center_axis',(1.,5.93692831603752E-17,0.));
#1539=DIRECTION('ref_axis',(-6.25793354509587E-17,-0.294085848853598,0.955779008717004));
#1540=DIRECTION('center_axis',(-1.,-5.82021461465257E-17,0.));
#1541=DIRECTION('ref_axis',(-6.25793354509587E-17,-0.294085848853598,0.955779008717004));
#1542=DIRECTION('',(1.,-2.12792746386488E-16,0.));
#1543=DIRECTION('center_axis',(-2.12792746386488E-16,-1.,4.78760729937809E-16));
#1544=DIRECTION('ref_axis',(5.90471566923298E-16,-4.78760729937809E-16,
-1.));
#1545=DIRECTION('',(2.84236813417457E-32,-4.78760729937809E-16,-1.));
#1546=DIRECTION('',(-2.78649019730577E-32,4.78760729937809E-16,1.));
#1547=DIRECTION('',(1.,-2.12792746386488E-16,0.));
#1548=DIRECTION('center_axis',(6.25793354509237E-17,0.294085848853433,0.955779008717055));
#1549=DIRECTION('ref_axis',(-3.52851889778729E-15,-0.955779008717055,0.294085848853433));
#1550=DIRECTION('',(5.67439146072656E-17,-0.955779008717055,0.294085848853433));
#1551=DIRECTION('',(1.,-2.12792746386488E-16,0.));
#1552=DIRECTION('',(-5.56283895491315E-17,0.955779008717055,-0.294085848853433));
#1553=DIRECTION('center_axis',(1.,-2.12792746386488E-16,0.));
#1554=DIRECTION('ref_axis',(2.12792746386488E-16,1.,0.));
#1555=DIRECTION('center_axis',(1.,5.93692831603752E-17,0.));
#1556=DIRECTION('ref_axis',(2.12792746386488E-16,1.,0.));
#1557=DIRECTION('',(1.,-2.12792746386488E-16,0.));
#1558=DIRECTION('center_axis',(-1.,-5.82021461465257E-17,0.));
#1559=DIRECTION('ref_axis',(2.12792746386488E-16,1.,0.));
#1560=DIRECTION('center_axis',(2.12792746386488E-16,1.,-1.46023428505835E-31));
#1561=DIRECTION('ref_axis',(6.86223712910861E-16,0.,1.));
#1562=DIRECTION('',(-8.66930627501174E-48,1.46023428505835E-31,1.));
#1563=DIRECTION('',(1.,-2.12792746386488E-16,0.));
#1564=DIRECTION('',(8.49887692671337E-48,-1.46023428505835E-31,-1.));
#1565=DIRECTION('center_axis',(1.,-2.12792746386488E-16,0.));
#1566=DIRECTION('ref_axis',(0.,5.90618516278752E-31,-1.));
#1567=DIRECTION('center_axis',(1.,5.93692831603752E-17,0.));
#1568=DIRECTION('ref_axis',(0.,5.90618516278752E-31,-1.));
#1569=DIRECTION('',(1.,-2.12792746386488E-16,0.));
#1570=DIRECTION('center_axis',(-1.,-5.82021461465257E-17,0.));
#1571=DIRECTION('ref_axis',(0.,5.90618516278752E-31,-1.));
#1572=DIRECTION('center_axis',(-2.88106593306709E-32,-1.35393051783556E-16,
-1.));
#1573=DIRECTION('ref_axis',(1.700875213031E-16,1.,-1.35393051783556E-16));
#1574=DIRECTION('',(-5.93692831603752E-17,1.,-1.35393051783556E-16));
#1575=DIRECTION('',(1.,-2.12792746386488E-16,0.));
#1576=DIRECTION('',(5.82021461465257E-17,-1.,1.35393051783556E-16));
#1577=DIRECTION('center_axis',(1.,-2.12792746386488E-16,0.));
#1578=DIRECTION('ref_axis',(-2.12792746386488E-16,-1.,0.));
#1579=DIRECTION('center_axis',(1.,5.93692831603752E-17,0.));
#1580=DIRECTION('ref_axis',(-2.12792746386488E-16,-1.,0.));
#1581=DIRECTION('center_axis',(-1.,-5.82021461465257E-17,0.));
#1582=DIRECTION('ref_axis',(-2.12792746386488E-16,-1.,0.));
#1583=DIRECTION('center_axis',(0.,0.,1.));
#1584=DIRECTION('ref_axis',(-1.,0.,0.));
#1585=DIRECTION('center_axis',(0.,0.,1.));
#1586=DIRECTION('ref_axis',(-1.,0.,0.));
#1587=DIRECTION('',(0.,0.,1.));
#1588=DIRECTION('center_axis',(0.,0.,-1.));
#1589=DIRECTION('ref_axis',(-1.,0.,0.));
#1590=DIRECTION('center_axis',(0.,0.,1.));
#1591=DIRECTION('ref_axis',(-1.,0.,0.));
#1592=DIRECTION('center_axis',(0.,0.,1.));
#1593=DIRECTION('ref_axis',(-1.,0.,0.));
#1594=DIRECTION('',(0.,0.,1.));
#1595=DIRECTION('center_axis',(0.,0.,-1.));
#1596=DIRECTION('ref_axis',(-1.,0.,0.));
#1597=DIRECTION('center_axis',(0.,0.,1.));
#1598=DIRECTION('ref_axis',(-1.,0.,0.));
#1599=DIRECTION('center_axis',(0.,0.,1.));
#1600=DIRECTION('ref_axis',(-1.,0.,0.));
#1601=DIRECTION('',(0.,0.,1.));
#1602=DIRECTION('center_axis',(0.,0.,-1.));
#1603=DIRECTION('ref_axis',(-1.,0.,0.));
#1604=DIRECTION('center_axis',(0.,0.,1.));
#1605=DIRECTION('ref_axis',(-1.,0.,0.));
#1606=DIRECTION('center_axis',(0.,0.,1.));
#1607=DIRECTION('ref_axis',(-1.,0.,0.));
#1608=DIRECTION('',(0.,0.,1.));
#1609=DIRECTION('center_axis',(0.,0.,-1.));
#1610=DIRECTION('ref_axis',(-1.,0.,0.));
#1611=DIRECTION('center_axis',(-0.707106781186547,-0.707106781186548,0.));
#1612=DIRECTION('ref_axis',(-0.707106781186548,0.707106781186547,0.));
#1613=DIRECTION('',(0.707106781186548,-0.707106781186547,0.));
#1614=DIRECTION('',(0.,0.,-1.));
#1615=DIRECTION('',(-0.707106781186548,0.707106781186547,0.));
#1616=DIRECTION('',(0.,0.,-1.));
#1617=DIRECTION('center_axis',(-1.,0.,0.));
#1618=DIRECTION('ref_axis',(0.,1.,0.));
#1619=DIRECTION('',(0.,-1.,0.));
#1620=DIRECTION('',(0.,0.,1.));
#1621=DIRECTION('',(0.,1.,0.));
#1622=DIRECTION('center_axis',(0.,-1.,0.));
#1623=DIRECTION('ref_axis',(-1.,0.,0.));
#1624=DIRECTION('',(1.,0.,0.));
#1625=DIRECTION('',(-1.,0.,0.));
#1626=DIRECTION('',(0.,0.,-1.));
#1627=DIRECTION('center_axis',(-1.,-5.93692831603752E-17,0.));
#1628=DIRECTION('ref_axis',(-5.93692831603752E-17,1.,0.));
#1629=DIRECTION('',(-5.93692831603752E-17,1.,0.));
#1630=DIRECTION('',(0.,0.,1.));
#1631=DIRECTION('',(5.93692831603752E-17,-1.,0.));
#1632=DIRECTION('center_axis',(0.,0.,-1.));
#1633=DIRECTION('ref_axis',(-1.,0.,0.));
#1634=DIRECTION('',(1.,2.13547266940418E-16,0.));
#1635=DIRECTION('',(5.82021461465257E-17,-1.,0.));
#1636=DIRECTION('',(-1.,-5.78407465030234E-17,0.));
#1637=DIRECTION('',(-0.706964120309603,0.707249413287045,0.));
#1638=DIRECTION('',(5.93169959628854E-16,1.,0.));
#1639=DIRECTION('',(0.707106781186544,-0.707106781186551,0.));
#1640=DIRECTION('',(1.,0.,8.88356345277783E-18));
#1641=DIRECTION('',(-0.731141362852924,0.682225994466327,0.));
#1642=DIRECTION('',(-1.,0.,0.));
#1643=DIRECTION('',(0.,-1.,0.));
#1644=DIRECTION('',(1.,0.,0.));
#1645=DIRECTION('',(0.,-1.,0.));
#1646=DIRECTION('',(1.,0.,8.88356345277783E-18));
#1647=DIRECTION('',(0.,1.,0.));
#1648=DIRECTION('',(0.707106781186549,0.707106781186546,0.));
#1649=DIRECTION('',(1.,0.,0.));
#1650=DIRECTION('center_axis',(-0.707106781186546,0.707106781186549,0.));
#1651=DIRECTION('ref_axis',(0.707106781186549,0.707106781186546,0.));
#1652=DIRECTION('',(-0.707106781186549,-0.707106781186546,0.));
#1653=DIRECTION('',(0.,0.,-1.));
#1654=DIRECTION('',(0.,0.,-1.));
#1655=DIRECTION('center_axis',(0.,1.,0.));
#1656=DIRECTION('ref_axis',(1.,0.,0.));
#1657=DIRECTION('',(-1.,0.,0.));
#1658=DIRECTION('center_axis',(-1.,0.,0.));
#1659=DIRECTION('ref_axis',(0.,1.,0.));
#1660=DIRECTION('',(0.,-1.,0.));
#1661=DIRECTION('',(0.,0.,-1.));
#1662=DIRECTION('center_axis',(0.,1.,0.));
#1663=DIRECTION('ref_axis',(1.,0.,8.88356345277783E-18));
#1664=DIRECTION('',(0.,0.,1.));
#1665=DIRECTION('',(-1.,0.,0.));
#1666=DIRECTION('',(0.,0.,-1.));
#1667=DIRECTION('',(0.,0.,-1.));
#1668=DIRECTION('',(-1.,0.,0.));
#1669=DIRECTION('center_axis',(0.,0.,-1.));
#1670=DIRECTION('ref_axis',(1.,0.,0.));
#1671=DIRECTION('center_axis',(0.,0.,-1.));
#1672=DIRECTION('ref_axis',(1.,0.,0.));
#1673=DIRECTION('',(0.,0.,-1.));
#1674=DIRECTION('center_axis',(0.,0.,1.));
#1675=DIRECTION('ref_axis',(1.,0.,0.));
#1676=DIRECTION('center_axis',(0.,1.,0.));
#1677=DIRECTION('ref_axis',(1.,0.,0.));
#1678=DIRECTION('',(0.,0.,-1.));
#1679=DIRECTION('',(1.,0.,0.));
#1680=DIRECTION('',(0.,0.,-1.));
#1681=DIRECTION('center_axis',(0.,0.,-1.));
#1682=DIRECTION('ref_axis',(-1.,0.,0.));
#1683=DIRECTION('',(0.,1.,0.));
#1684=DIRECTION('',(-0.707106781186544,0.707106781186551,0.));
#1685=DIRECTION('',(-0.731141362852924,0.682225994466327,0.));
#1686=DIRECTION('',(0.,-1.,0.));
#1687=DIRECTION('center_axis',(1.,0.,0.));
#1688=DIRECTION('ref_axis',(0.,-1.,0.));
#1689=DIRECTION('center_axis',(-0.682225994466327,-0.731141362852924,0.));
#1690=DIRECTION('ref_axis',(-0.731141362852924,0.682225994466327,0.));
#1691=DIRECTION('',(0.,0.,1.));
#1692=DIRECTION('center_axis',(0.707106781186551,0.707106781186544,0.));
#1693=DIRECTION('ref_axis',(0.707106781186544,-0.707106781186551,0.));
#1694=DIRECTION('',(0.,0.,-1.));
#1695=DIRECTION('',(-0.707106781186544,0.707106781186551,0.));
#1696=DIRECTION('center_axis',(1.,0.,0.));
#1697=DIRECTION('ref_axis',(0.,-1.,0.));
#1698=DIRECTION('',(0.,0.,-1.));
#1699=DIRECTION('',(0.,1.,0.));
#1700=DIRECTION('center_axis',(0.,-1.,0.));
#1701=DIRECTION('ref_axis',(-1.,0.,0.));
#1702=DIRECTION('',(1.,0.,0.));
#1703=DIRECTION('center_axis',(0.,0.,-1.));
#1704=DIRECTION('ref_axis',(-1.,0.,0.));
#1705=DIRECTION('',(1.,2.13547266940418E-16,0.));
#1706=DIRECTION('',(5.93169959628854E-16,1.,0.));
#1707=DIRECTION('',(-0.706964120309603,0.707249413287045,0.));
#1708=DIRECTION('',(-1.,-5.78407465030234E-17,0.));
#1709=DIRECTION('',(5.82021461465257E-17,-1.,0.));
#1710=DIRECTION('center_axis',(-0.707249413287045,-0.706964120309603,0.));
#1711=DIRECTION('ref_axis',(-0.706964120309603,0.707249413287045,0.));
#1712=DIRECTION('',(0.,0.,-1.));
#1713=DIRECTION('',(0.,0.,-1.));
#1714=DIRECTION('center_axis',(-1.,5.93169959628854E-16,0.));
#1715=DIRECTION('ref_axis',(5.93169959628854E-16,1.,0.));
#1716=DIRECTION('',(0.,0.,-1.));
#1717=DIRECTION('center_axis',(-2.13547266940418E-16,1.,0.));
#1718=DIRECTION('ref_axis',(1.,2.13547266940418E-16,0.));
#1719=DIRECTION('',(0.,0.,-1.));
#1720=DIRECTION('center_axis',(5.78407465030234E-17,-1.,0.));
#1721=DIRECTION('ref_axis',(-1.,-5.78407465030234E-17,0.));
#1722=DIRECTION('',(0.,0.,-1.));
#1723=DIRECTION('center_axis',(1.,5.82021461465257E-17,0.));
#1724=DIRECTION('ref_axis',(5.82021461465257E-17,-1.,0.));
#1725=DIRECTION('center_axis',(0.,0.,-1.));
#1726=DIRECTION('ref_axis',(-1.,0.,0.));
#1727=CARTESIAN_POINT('',(0.,0.,0.));
#1728=CARTESIAN_POINT('Origin',(16.7848719999997,-68.5774210603914,-17.0345465591685));
#1729=CARTESIAN_POINT('',(16.7848719999997,-68.5774211527859,-19.0345465591685));
#1730=CARTESIAN_POINT('',(16.7848719999997,-68.5774210603914,-15.0345465591685));
#1731=CARTESIAN_POINT('Origin',(16.7848719999997,-68.5774210603914,-17.0345465591685));
#1732=CARTESIAN_POINT('',(19.7848719999997,-68.5774211527859,-19.0345465591685));
#1733=CARTESIAN_POINT('',(16.7848719999997,-68.5774211527859,-19.0345465591685));
#1734=CARTESIAN_POINT('',(19.7848719999997,-68.5774210603914,-15.0345465591685));
#1735=CARTESIAN_POINT('Origin',(19.7848719999997,-68.5774210603914,-17.0345465591685));
#1736=CARTESIAN_POINT('',(16.7848719999997,-68.5774210603914,-15.0345465591685));
#1737=CARTESIAN_POINT('Origin',(16.7848719999997,-82.5774210603914,-15.0345465591685));
#1738=CARTESIAN_POINT('',(16.7848719999997,-82.5774210603914,-15.0345465591685));
#1739=CARTESIAN_POINT('',(16.7848719999997,-75.5774210603914,-15.0345465591685));
#1740=CARTESIAN_POINT('',(19.7848719999997,-82.5774210603914,-15.0345465591685));
#1741=CARTESIAN_POINT('',(19.7848719999997,-75.5774210603914,-15.0345465591685));
#1742=CARTESIAN_POINT('',(16.7848719999997,-82.5774210603914,-15.0345465591685));
#1743=CARTESIAN_POINT('Origin',(16.7848719999997,-82.5774210603914,-17.0345465591685));
#1744=CARTESIAN_POINT('',(16.7848719999997,-82.5774210603914,-19.0345465591685));
#1745=CARTESIAN_POINT('Origin',(16.7848719999997,-82.5774210603914,-17.0345465591685));
#1746=CARTESIAN_POINT('',(19.7848719999997,-82.5774210603914,-19.0345465591685));
#1747=CARTESIAN_POINT('Origin',(19.7848719999997,-82.5774210603914,-17.0345465591685));
#1748=CARTESIAN_POINT('',(16.7848719999997,-82.5774210603914,-19.0345465591685));
#1749=CARTESIAN_POINT('Origin',(16.7848719999997,-68.5774211527859,-19.0345465591685));
#1750=CARTESIAN_POINT('',(16.7848719999997,-75.5774210603914,-19.0345465591685));
#1751=CARTESIAN_POINT('',(19.7848719999997,-75.5774210603914,-19.0345465591685));
#1752=CARTESIAN_POINT('Origin',(27.5279546085877,-17.5931310545111,-19.9098235540758));
#1753=CARTESIAN_POINT('',(16.7848719999997,-31.3981310545115,-19.9098235540758));
#1754=CARTESIAN_POINT('',(16.7848719999997,-17.5931310545114,-19.9098235540758));
#1755=CARTESIAN_POINT('',(16.7848719999997,-58.3601148399783,-19.9098235540758));
#1756=CARTESIAN_POINT('',(19.7848719999997,-31.3981310545114,-19.9098235540758));
#1757=CARTESIAN_POINT('',(27.5279546085881,-31.3981310545111,-19.9098235540758));
#1758=CARTESIAN_POINT('',(19.7848719999997,-17.5931310545113,-19.9098235540758));
#1759=CARTESIAN_POINT('',(19.7848719999997,16.3410594727445,-19.9098235540758));
#1760=CARTESIAN_POINT('',(27.5279546085877,-17.5931310545111,-19.9098235540758));
#1761=CARTESIAN_POINT('Origin',(27.5279546085876,-14.898131054511,-17.2148235540758));
#1762=CARTESIAN_POINT('',(16.7848719999997,-14.8981310545114,-17.2148235540758));
#1763=CARTESIAN_POINT('',(16.7848719999997,-31.651667058726,-33.9683595582903));
#1764=CARTESIAN_POINT('',(19.7848719999997,-14.8981310545113,-17.2148235540758));
#1765=CARTESIAN_POINT('',(19.7848719999997,5.69892009763558,3.38222759807103));
#1766=CARTESIAN_POINT('',(27.5279546085876,-14.898131054511,-17.2148235540758));
#1767=CARTESIAN_POINT('Origin',(27.5279546085876,-14.898131054511,-13.9148235540758));
#1768=CARTESIAN_POINT('',(16.7848719999997,-14.8981310545114,-13.9148235540758));
#1769=CARTESIAN_POINT('',(16.7848719999997,-14.8981310545114,-6.9574117770379));
#1770=CARTESIAN_POINT('',(19.7848719999997,-14.8981310545113,-13.9148235540758));
#1771=CARTESIAN_POINT('',(19.7848719999997,-14.8981310545113,-6.9574117770379));
#1772=CARTESIAN_POINT('',(27.5279546085876,-14.898131054511,-13.9148235540758));
#1773=CARTESIAN_POINT('Origin',(27.5279546085876,-17.4031310545111,-11.4098235540758));
#1774=CARTESIAN_POINT('',(16.7848719999997,-17.4031310545114,-11.4098235540758));
#1775=CARTESIAN_POINT('',(16.7848719999997,-40.6865788357639,11.8736242271766));
#1776=CARTESIAN_POINT('',(19.7848719999997,-17.4031310545113,-11.4098235540758));
#1777=CARTESIAN_POINT('',(19.7848719999997,-3.33599167940232,-25.4769629291848));
#1778=CARTESIAN_POINT('',(27.5279546085876,-17.4031310545111,-11.4098235540758));
#1779=CARTESIAN_POINT('Origin',(27.5279546085881,-31.8139435122369,-11.4098235540758));
#1780=CARTESIAN_POINT('',(16.7848719999997,-31.8139435122373,-11.4098235540758));
#1781=CARTESIAN_POINT('',(16.7848719999997,-65.4705210688413,-11.4098235540758));
#1782=CARTESIAN_POINT('',(19.7848719999997,-31.8139435122372,-11.4098235540758));
#1783=CARTESIAN_POINT('',(19.7848719999997,9.23065324388153,-11.4098235540758));
#1784=CARTESIAN_POINT('',(27.5279546085881,-31.8139435122369,-11.4098235540758));
#1785=CARTESIAN_POINT('Origin',(27.5279546085881,-31.3981310545111,-11.7698235540758));
#1786=CARTESIAN_POINT('',(16.7848719999997,-31.9481310545115,-11.7698235540758));
#1787=CARTESIAN_POINT('Origin',(16.7848719999975,-31.3981310545115,-11.7698235540758));
#1788=CARTESIAN_POINT('',(19.7848719999997,-31.9481310545114,-11.7698235540758));
#1789=CARTESIAN_POINT('Origin',(19.7848720000024,-31.3981310545114,-11.7698235540758));
#1790=CARTESIAN_POINT('',(27.5279546085881,-31.9481310545111,-11.7698235540758));
#1791=CARTESIAN_POINT('Origin',(27.5279546085881,-31.9481310545111,-19.3598235540758));
#1792=CARTESIAN_POINT('',(16.7848719999997,-31.9481310545115,-19.3598235540758));
#1793=CARTESIAN_POINT('',(16.7848719999997,-31.9481310545115,-9.6799117770379));
#1794=CARTESIAN_POINT('',(19.7848719999997,-31.9481310545114,-19.3598235540758));
#1795=CARTESIAN_POINT('',(19.7848719999997,-31.9481310545114,-9.6799117770379));
#1796=CARTESIAN_POINT('',(27.5279546085881,-31.9481310545111,-19.3598235540758));
#1797=CARTESIAN_POINT('Origin',(27.5279546085881,-31.3981310545111,-19.3598235540758));
#1798=CARTESIAN_POINT('Origin',(16.7848719999975,-31.3981310545115,-19.3598235540758));
#1799=CARTESIAN_POINT('Origin',(19.7848720000024,-31.3981310545114,-19.3598235540758));
#1800=CARTESIAN_POINT('Origin',(27.5279546085885,-42.4031310545111,-11.4098235540758));
#1801=CARTESIAN_POINT('',(16.7848719999997,-40.7481310545115,-13.0648235540758));
#1802=CARTESIAN_POINT('',(16.7848719999997,-42.4031310545114,-11.4098235540758));
#1803=CARTESIAN_POINT('',(16.7848719999997,-59.4365788357639,5.62362422717659));
#1804=CARTESIAN_POINT('',(19.7848719999997,-40.7481310545114,-13.0648235540758));
#1805=CARTESIAN_POINT('',(27.5279546085884,-40.7481310545111,-13.0648235540757));
#1806=CARTESIAN_POINT('',(19.7848719999997,-42.4031310545113,-11.4098235540758));
#1807=CARTESIAN_POINT('',(19.7848719999997,-22.0859916794023,-31.7269629291848));
#1808=CARTESIAN_POINT('',(27.5279546085885,-42.4031310545111,-11.4098235540758));
#1809=CARTESIAN_POINT('Origin',(27.5279546085889,-56.8139435122369,-11.4098235540758));
#1810=CARTESIAN_POINT('',(16.7848719999997,-56.8139435122373,-11.4098235540758));
#1811=CARTESIAN_POINT('',(16.7848719999997,-77.9705210688413,-11.4098235540758));
#1812=CARTESIAN_POINT('',(19.7848719999997,-56.8139435122372,-11.4098235540758));
#1813=CARTESIAN_POINT('',(19.7848719999997,-3.26934675611847,-11.4098235540758));
#1814=CARTESIAN_POINT('',(27.5279546085889,-56.8139435122369,-11.4098235540758));
#1815=CARTESIAN_POINT('Origin',(27.5279546085889,-56.3981310545111,-11.7698235540758));
#1816=CARTESIAN_POINT('',(16.7848719999997,-56.9481310545115,-11.7698235540758));
#1817=CARTESIAN_POINT('Origin',(16.7848719999983,-56.3981310545115,-11.7698235540758));
#1818=CARTESIAN_POINT('',(19.7848719999997,-56.9481310545114,-11.7698235540758));
#1819=CARTESIAN_POINT('Origin',(19.7848720000033,-56.3981310545114,-11.7698235540758));
#1820=CARTESIAN_POINT('',(27.527954608589,-56.9481310545111,-11.7698235540758));
#1821=CARTESIAN_POINT('Origin',(27.527954608589,-56.9481310545111,-19.3598235540758));
#1822=CARTESIAN_POINT('',(16.7848719999997,-56.9481310545115,-19.3598235540758));
#1823=CARTESIAN_POINT('',(16.7848719999997,-56.9481310545115,-9.6799117770379));
#1824=CARTESIAN_POINT('',(19.7848719999997,-56.9481310545114,-19.3598235540758));
#1825=CARTESIAN_POINT('',(19.7848719999997,-56.9481310545114,-9.6799117770379));
#1826=CARTESIAN_POINT('',(27.527954608589,-56.9481310545111,-19.3598235540758));
#1827=CARTESIAN_POINT('Origin',(27.5279546085889,-56.3981310545111,-19.3598235540758));
#1828=CARTESIAN_POINT('',(16.7848719999997,-56.3981310545115,-19.9098235540758));
#1829=CARTESIAN_POINT('Origin',(16.7848719999983,-56.3981310545115,-19.3598235540758));
#1830=CARTESIAN_POINT('',(19.7848719999997,-56.3981310545114,-19.9098235540758));
#1831=CARTESIAN_POINT('Origin',(19.7848720000033,-56.3981310545114,-19.3598235540758));
#1832=CARTESIAN_POINT('',(27.5279546085889,-56.3981310545111,-19.9098235540758));
#1833=CARTESIAN_POINT('Origin',(27.5279546085885,-42.5931310545111,-19.9098235540758));
#1834=CARTESIAN_POINT('',(16.7848719999997,-42.5931310545114,-19.9098235540758));
#1835=CARTESIAN_POINT('',(16.7848719999997,-70.8601148399783,-19.9098235540758));
#1836=CARTESIAN_POINT('',(19.7848719999997,-42.5931310545113,-19.9098235540758));
#1837=CARTESIAN_POINT('',(19.7848719999997,3.84105947274448,-19.9098235540758));
#1838=CARTESIAN_POINT('',(27.5279546085885,-42.5931310545111,-19.9098235540758));
#1839=CARTESIAN_POINT('Origin',(27.5279546085884,-40.7481310545111,-18.0648235540759));
#1840=CARTESIAN_POINT('',(16.7848719999997,-40.7481310545115,-18.0648235540759));
#1841=CARTESIAN_POINT('',(16.7848719999997,-50.826667058726,-28.1433595582904));
#1842=CARTESIAN_POINT('',(19.7848719999997,-40.7481310545114,-18.0648235540759));
#1843=CARTESIAN_POINT('',(19.7848719999997,-13.4760799023644,9.20722759807098));
#1844=CARTESIAN_POINT('',(27.5279546085884,-40.7481310545111,-18.0648235540759));
#1845=CARTESIAN_POINT('Origin',(27.5279546085884,-40.7481310545111,-13.0648235540757));
#1846=CARTESIAN_POINT('',(16.7848719999997,-40.7481310545115,-6.53241177703787));
#1847=CARTESIAN_POINT('',(19.7848719999997,-40.7481310545114,-6.53241177703787));
#1848=CARTESIAN_POINT('Origin',(2.22044604925031E-15,15.1905447141852,-11.5990033573989));
#1849=CARTESIAN_POINT('',(16.7848719999997,15.1905447141852,-11.5990033573989));
#1850=CARTESIAN_POINT('',(16.7848719999997,14.2599509909674,-10.5526976882938));
#1851=CARTESIAN_POINT('',(16.7848719999997,-12.934616482021,20.0232984805388));
#1852=CARTESIAN_POINT('',(19.7848719999997,15.1905447141852,-11.5990033573989));
#1853=CARTESIAN_POINT('',(2.22044604925031E-15,15.1905447141852,-11.5990033573989));
#1854=CARTESIAN_POINT('',(19.7848719999997,14.2599509909674,-10.5526976882938));
#1855=CARTESIAN_POINT('',(19.7848719999997,20.0584876031454,-17.0722363209598));
#1856=CARTESIAN_POINT('',(2.34546496395742E-15,14.2599509909674,-10.5526976882938));
#1857=CARTESIAN_POINT('Origin',(2.22044604925031E-15,13.6593801774322,-11.0812000042109));
#1858=CARTESIAN_POINT('',(16.7848719999997,13.6593801774322,-10.2812000042109));
#1859=CARTESIAN_POINT('Origin',(16.7848719999997,13.6593801774322,-11.0812000042109));
#1860=CARTESIAN_POINT('',(19.7848719999997,13.6593801774322,-10.2812000042109));
#1861=CARTESIAN_POINT('Origin',(19.7848719999997,13.6593801774322,-11.0812000042109));
#1862=CARTESIAN_POINT('',(2.22044604925031E-15,13.6593801774322,-10.2812000042109));
#1863=CARTESIAN_POINT('Origin',(3.30487896713005E-15,13.6593801774322,-10.2812000042109));
#1864=CARTESIAN_POINT('',(16.7848719999997,1.08061982256824,-10.2812000042109));
#1865=CARTESIAN_POINT('',(16.7848719999997,-42.7338592240067,-10.2812000042109));
#1866=CARTESIAN_POINT('',(19.7848719999997,1.08061982256824,-10.2812000042109));
#1867=CARTESIAN_POINT('',(19.7848719999997,31.9673150887161,-10.2812000042109));
#1868=CARTESIAN_POINT('',(-2.09933274494418E-30,1.08061982256824,-10.2812000042109));
#1869=CARTESIAN_POINT('Origin',(0.,1.08061982256824,-11.0812000042109));
#1870=CARTESIAN_POINT('',(16.7848719999997,0.48004900903311,-10.5526976882938));
#1871=CARTESIAN_POINT('Origin',(16.7848719999997,1.08061982256824,-11.0812000042109));
#1872=CARTESIAN_POINT('',(19.7848719999997,0.480049009033109,-10.5526976882938));
#1873=CARTESIAN_POINT('Origin',(19.7848719999997,1.08061982256824,-11.0812000042109));
#1874=CARTESIAN_POINT('',(-1.25018914707113E-16,0.480049009033114,-10.5526976882938));
#1875=CARTESIAN_POINT('Origin',(1.88965996977961E-16,0.480049009033243,
-10.5526976882939));
#1876=CARTESIAN_POINT('',(16.7848719999997,-0.450544714184759,-11.5990033573989));
#1877=CARTESIAN_POINT('',(16.7848719999997,-18.8964270090483,-32.3384847607546));
#1878=CARTESIAN_POINT('',(19.7848719999997,-0.45054471418476,-11.5990033573989));
#1879=CARTESIAN_POINT('',(19.7848719999997,14.0966770761273,4.75705004074516));
#1880=CARTESIAN_POINT('',(-2.09248091807182E-15,-0.450544714184756,-11.5990033573989));
#1881=CARTESIAN_POINT('Origin',(-2.09248091807182E-15,-0.450544714184756,
-11.5990033573989));
#1882=CARTESIAN_POINT('',(16.7848719999997,-1.06526867908264,-11.7881491927633));
#1883=CARTESIAN_POINT('',(16.7848719999997,-43.8915972445036,-24.9654810598271));
#1884=CARTESIAN_POINT('',(19.7848719999997,-1.06526867908264,-11.7881491927633));
#1885=CARTESIAN_POINT('',(19.7848719999997,24.3489349647982,-3.96839422495227));
#1886=CARTESIAN_POINT('',(-4.89751320920588E-17,-1.06526867908263,-11.7881491927633));
#1887=CARTESIAN_POINT('Origin',(0.,-0.829999999999756,-12.5527723997369));
#1888=CARTESIAN_POINT('',(16.7848719999997,-1.62999999999976,-12.5527723997369));
#1889=CARTESIAN_POINT('Origin',(16.7848719999997,-0.82999999999976,-12.5527723997369));
#1890=CARTESIAN_POINT('',(19.7848719999997,-1.62999999999976,-12.5527723997369));
#1891=CARTESIAN_POINT('Origin',(19.7848719999997,-0.829999999999761,-12.5527723997369));
#1892=CARTESIAN_POINT('',(-1.66533453693781E-16,-1.62999999999976,-12.5527723997369));
#1893=CARTESIAN_POINT('Origin',(-2.22044604925032E-15,-1.62999999999976,
-12.5527723997369));
#1894=CARTESIAN_POINT('',(16.7848719999997,-1.62999999999976,-16.0311999999999));
#1895=CARTESIAN_POINT('',(16.7848719999997,-1.62999999999976,-6.27638619986848));
#1896=CARTESIAN_POINT('',(19.7848719999997,-1.62999999999976,-16.0311999999999));
#1897=CARTESIAN_POINT('',(19.7848719999997,-1.62999999999975,-6.27638619986845));
#1898=CARTESIAN_POINT('',(-1.66533453693782E-16,-1.62999999999976,-16.0311999999999));
#1899=CARTESIAN_POINT('Origin',(4.48986723059268E-15,15.8052686790831,-11.7881491927633));
#1900=CARTESIAN_POINT('',(16.7848719999997,15.8052686790831,-11.7881491927633));
#1901=CARTESIAN_POINT('',(16.7848719999997,-38.3475795163766,4.87426563759568));
#1902=CARTESIAN_POINT('',(19.7848719999997,15.8052686790831,-11.7881491927633));
#1903=CARTESIAN_POINT('',(4.48986723059268E-15,15.8052686790831,-11.7881491927633));
#1904=CARTESIAN_POINT('',(19.7848719999997,29.8929526929252,-16.1228211972791));
#1905=CARTESIAN_POINT('Origin',(4.44089209850063E-15,15.5700000000002,-12.5527723997369));
#1906=CARTESIAN_POINT('',(16.7848719999997,16.3700000000002,-12.5527723997369));
#1907=CARTESIAN_POINT('Origin',(16.7848719999997,15.5700000000002,-12.5527723997369));
#1908=CARTESIAN_POINT('',(19.7848719999997,16.3700000000002,-12.5527723997369));
#1909=CARTESIAN_POINT('',(4.60742555219441E-15,16.3700000000002,-12.5527723997369));
#1910=CARTESIAN_POINT('Origin',(19.7848719999997,15.5700000000002,-12.5527723997369));
#1911=CARTESIAN_POINT('Origin',(2.22044604925032E-15,16.3700000000002,-16.0311999999999));
#1912=CARTESIAN_POINT('',(16.7848719999997,16.3700000000002,-16.0311999999999));
#1913=CARTESIAN_POINT('',(16.7848719999997,16.3700000000002,-8.01559999999996));
#1914=CARTESIAN_POINT('',(19.7848719999997,16.3700000000002,-16.0311999999999));
#1915=CARTESIAN_POINT('',(2.38697950294409E-15,16.3700000000002,-16.0311999999999));
#1916=CARTESIAN_POINT('',(19.7848719999997,16.3700000000002,-8.01559999999996));
#1917=CARTESIAN_POINT('Origin',(2.22044604925031E-15,15.5700000000002,-16.0311999999999));
#1918=CARTESIAN_POINT('',(16.7848719999997,15.5700000000002,-16.8311999999999));
#1919=CARTESIAN_POINT('Origin',(16.7848719999997,15.5700000000002,-16.0311999999999));
#1920=CARTESIAN_POINT('',(19.7848719999997,15.5700000000002,-16.8311999999999));
#1921=CARTESIAN_POINT('',(4.44089209850063E-15,15.5700000000002,-16.8311999999999));
#1922=CARTESIAN_POINT('Origin',(19.7848719999997,15.5700000000002,-16.0311999999999));
#1923=CARTESIAN_POINT('Origin',(1.65145674912979E-15,-0.829999999999758,
-16.8311999999999));
#1924=CARTESIAN_POINT('',(16.7848719999997,-0.829999999999761,-16.8311999999999));
#1925=CARTESIAN_POINT('',(16.7848719999997,-49.9785493127227,-16.8311999999999));
#1926=CARTESIAN_POINT('',(19.7848719999997,-0.829999999999762,-16.8311999999999));
#1927=CARTESIAN_POINT('',(2.14428281783683E-30,-0.829999999999758,-16.8311999999999));
#1928=CARTESIAN_POINT('',(19.7848719999997,24.7226250000001,-16.8311999999999));
#1929=CARTESIAN_POINT('Origin',(0.,-0.829999999999758,-16.0311999999999));
#1930=CARTESIAN_POINT('Origin',(16.7848719999997,-0.829999999999761,-16.0311999999999));
#1931=CARTESIAN_POINT('Origin',(19.7848719999997,-0.829999999999762,-16.0311999999999));
#1932=CARTESIAN_POINT('Origin',(-95.5777174821267,-92.5750506373659,-16.));
#1933=CARTESIAN_POINT('',(-94.3132174821267,-92.5750506373659,-7.));
#1934=CARTESIAN_POINT('Origin',(-95.5777174821267,-92.5750506373659,-7.));
#1935=CARTESIAN_POINT('',(-94.3132174821267,-92.5750506373659,-6.2));
#1936=CARTESIAN_POINT('',(-94.3132174821267,-92.5750506373659,-16.));
#1937=CARTESIAN_POINT('Origin',(-95.5777174821267,-92.5750506373659,-6.2));
#1938=CARTESIAN_POINT('Origin',(-95.5777174821267,-92.5750506373659,-16.));
#1939=CARTESIAN_POINT('',(-94.3132174821267,-92.5750506373659,-26.99));
#1940=CARTESIAN_POINT('Origin',(-95.5777174821267,-92.5750506373659,-26.99));
#1941=CARTESIAN_POINT('',(-94.3132174821267,-92.5750506373659,-18.));
#1942=CARTESIAN_POINT('',(-94.3132174821267,-92.5750506373659,-16.));
#1943=CARTESIAN_POINT('Origin',(-95.5777174821267,-92.5750506373659,-18.));
#1944=CARTESIAN_POINT('Origin',(12.0717001801013,44.7901279208106,-20.));
#1945=CARTESIAN_POINT('',(13.3362001801013,44.7901279208106,-26.99));
#1946=CARTESIAN_POINT('Origin',(12.0717001801013,44.7901279208106,-26.99));
#1947=CARTESIAN_POINT('',(13.3362001801013,44.7901279208106,-6.2));
#1948=CARTESIAN_POINT('',(13.3362001801013,44.7901279208106,-20.));
#1949=CARTESIAN_POINT('Origin',(12.0717001801013,44.7901279208106,-6.2));
#1950=CARTESIAN_POINT('Origin',(12.2222989547132,-94.4310096371062,-20.));
#1951=CARTESIAN_POINT('',(13.4867989547132,-94.4310096371062,-26.99));
#1952=CARTESIAN_POINT('Origin',(12.2222989547132,-94.4310096371062,-26.99));
#1953=CARTESIAN_POINT('',(13.4867989547132,-94.4310096371062,-6.2));
#1954=CARTESIAN_POINT('',(13.4867989547132,-94.4310096371062,-20.));
#1955=CARTESIAN_POINT('Origin',(12.2222989547132,-94.4310096371062,-6.2));
#1956=CARTESIAN_POINT('Origin',(9.49482701829231,39.7901279208106,0.));
#1957=CARTESIAN_POINT('',(7.07170018010127,42.2132547590016,-7.));
#1958=CARTESIAN_POINT('',(9.49482701829231,39.7901279208106,-7.));
#1959=CARTESIAN_POINT('',(12.8994807950507,36.3854741440522,-7.));
#1960=CARTESIAN_POINT('',(7.07170018010127,42.2132547590016,-26.99));
#1961=CARTESIAN_POINT('',(7.07170018010127,42.2132547590016,0.));
#1962=CARTESIAN_POINT('',(9.49482701829231,39.7901279208106,-26.99));
#1963=CARTESIAN_POINT('',(9.49482701829231,39.7901279208106,-26.99));
#1964=CARTESIAN_POINT('',(9.49482701829231,39.7901279208106,0.));
#1965=CARTESIAN_POINT('Origin',(7.07170018010127,42.2132547590016,0.));
#1966=CARTESIAN_POINT('',(7.07170018010127,49.6752500000001,-7.));
#1967=CARTESIAN_POINT('',(7.07170018010127,8.1436652231394,-7.));
#1968=CARTESIAN_POINT('',(7.07170018010128,49.6752500000001,-26.99));
#1969=CARTESIAN_POINT('',(7.07170018010127,49.6752500000001,4.92008375487586E-16));
#1970=CARTESIAN_POINT('',(7.07170018010127,49.7901279208106,-26.99));
#1971=CARTESIAN_POINT('Origin',(17.0717001801013,39.7901279208106,0.));
#1972=CARTESIAN_POINT('',(16.7848719999997,39.7901279208106,-7.));
#1973=CARTESIAN_POINT('',(-12.7654549640531,39.7901279208106,-7.));
#1974=CARTESIAN_POINT('',(16.7848719999997,39.7901279208106,-26.99));
#1975=CARTESIAN_POINT('',(7.07170018010127,39.7901279208106,-26.99));
#1976=CARTESIAN_POINT('',(16.7848719999997,39.7901279208106,0.));
#1977=CARTESIAN_POINT('Origin',(16.7848719999997,-99.1270986254456,0.));
#1978=CARTESIAN_POINT('',(16.7848719999997,-89.4310096371062,-26.99));
#1979=CARTESIAN_POINT('',(16.7848719999997,-99.1270986254456,-26.99));
#1980=CARTESIAN_POINT('',(16.7848719999997,-89.4310096371062,-7.));
#1981=CARTESIAN_POINT('',(16.7848719999997,-89.4310096371062,0.));
#1982=CARTESIAN_POINT('',(16.7848719999997,-62.5265114690842,-7.));
#1983=CARTESIAN_POINT('Origin',(-42.6026101082075,-25.9259243127228,-26.99));
#1984=CARTESIAN_POINT('',(-104.990092216415,50.27525,-26.99));
#1985=CARTESIAN_POINT('',(19.7848719999997,50.27525,-26.99));
#1986=CARTESIAN_POINT('',(19.7848719999997,50.27525,-26.99));
#1987=CARTESIAN_POINT('',(19.7848719999997,-102.127098625446,-26.99));
#1988=CARTESIAN_POINT('',(19.7848719999997,-102.127098625446,-26.99));
#1989=CARTESIAN_POINT('',(-99.9866724448563,-102.127098625446,-26.99));
#1990=CARTESIAN_POINT('',(-99.9866724448563,-102.127098625446,-26.99));
#1991=CARTESIAN_POINT('',(-104.990092216415,-97.1216597407766,-26.99));
#1992=CARTESIAN_POINT('',(-104.990092216415,-97.1216597407766,-26.99));
#1993=CARTESIAN_POINT('',(-104.990092216415,112.50625,-26.99));
#1994=CARTESIAN_POINT('',(-99.1744130456473,-98.8844701468579,-26.99));
#1995=CARTESIAN_POINT('',(-98.9317845670596,-99.1270986254456,-26.99));
#1996=CARTESIAN_POINT('',(-98.9317845670596,-99.1270986254456,-26.99));
#1997=CARTESIAN_POINT('',(-98.914388188869,-99.1270986254456,-26.99));
#1998=CARTESIAN_POINT('',(19.9848719999997,-99.1270986254456,-26.99));
#1999=CARTESIAN_POINT('',(-98.7245527531041,-99.3042335483615,-26.99));
#2000=CARTESIAN_POINT('',(-102.224187269758,49.67525,-26.99));
#2001=CARTESIAN_POINT('',(-98.5864555047551,49.6752500000001,-26.99));
#2002=CARTESIAN_POINT('',(-102.224187269758,-85.8458677263702,-26.99));
#2003=CARTESIAN_POINT('',(-102.224187269758,-95.8346959227473,-26.99));
#2004=CARTESIAN_POINT('',(-88.7245527531041,-85.8458677263702,-26.99));
#2005=CARTESIAN_POINT('',(-88.7245527531041,-85.8458677263702,-26.99));
#2006=CARTESIAN_POINT('',(-88.7245527531041,-99.1270986254456,-26.99));
#2007=CARTESIAN_POINT('',(-88.7245527531041,-99.3042335483615,-26.99));
#2008=CARTESIAN_POINT('',(7.22229895471321,-99.1270986254456,-26.99));
#2009=CARTESIAN_POINT('',(19.9848719999997,-99.1270986254456,-26.99));
#2010=CARTESIAN_POINT('',(7.22229895471321,-92.1940546383047,-26.99));
#2011=CARTESIAN_POINT('',(7.22229895471321,-99.4310096371062,-26.99));
#2012=CARTESIAN_POINT('',(9.98534395591175,-89.4310096371062,-26.99));
#2013=CARTESIAN_POINT('',(9.98534395591175,-89.4310096371062,-26.99));
#2014=CARTESIAN_POINT('',(7.22229895471321,-89.4310096371062,-26.99));
#2015=CARTESIAN_POINT('Origin',(7.22229895471321,-92.1940546383047,0.));
#2016=CARTESIAN_POINT('',(9.98534395591175,-89.4310096371062,-7.));
#2017=CARTESIAN_POINT('',(7.22229895471321,-92.1940546383047,-7.));
#2018=CARTESIAN_POINT('',(11.3331042703785,-88.0832493226395,-7.));
#2019=CARTESIAN_POINT('',(9.98534395591175,-89.4310096371062,0.));
#2020=CARTESIAN_POINT('',(7.22229895471321,-92.1940546383047,0.));
#2021=CARTESIAN_POINT('Origin',(9.98534395591175,-89.4310096371062,0.));
#2022=CARTESIAN_POINT('',(-16.3086330761479,-89.4310096371062,-7.));
#2023=CARTESIAN_POINT('Origin',(7.22229895471321,-99.4310096371062,0.));
#2024=CARTESIAN_POINT('',(7.22229895471322,-99.1270986254456,-7.));
#2025=CARTESIAN_POINT('',(7.22229895471321,-62.6784669749145,-7.));
#2026=CARTESIAN_POINT('',(7.22229895471321,-99.1270986254456,2.69096802097482E-17));
#2027=CARTESIAN_POINT('Origin',(-98.9317845670596,-99.1270986254456,5.38193604194963E-17));
#2028=CARTESIAN_POINT('',(-88.7245527531041,-99.1270986254456,-18.));
#2029=CARTESIAN_POINT('',(-88.7245527531041,-99.1270986254456,-1.));
#2030=CARTESIAN_POINT('',(-98.914388188869,-99.1270986254456,-18.));
#2031=CARTESIAN_POINT('',(-97.2547510245931,-99.1270986254456,-18.));
#2032=CARTESIAN_POINT('',(-98.914388188869,-99.1270986254456,-1.));
#2033=CARTESIAN_POINT('',(-98.9317845670596,-99.1270986254456,-7.));
#2034=CARTESIAN_POINT('',(-98.9317845670596,-99.1270986254456,5.55111512312578E-16));
#2035=CARTESIAN_POINT('',(-70.7671973376336,-99.1270986254456,-7.));
#2036=CARTESIAN_POINT('Origin',(12.2222989547132,-69.4310096371062,-7.5));
#2037=CARTESIAN_POINT('',(10.9577989547132,-69.4310096371062,-6.2));
#2038=CARTESIAN_POINT('Origin',(12.2222989547132,-69.4310096371062,-6.2));
#2039=CARTESIAN_POINT('',(10.9577989547132,-69.4310096371062,-7.));
#2040=CARTESIAN_POINT('',(10.9577989547132,-69.4310096371062,-7.5));
#2041=CARTESIAN_POINT('Origin',(12.2222989547132,-69.4310096371062,-7.));
#2042=CARTESIAN_POINT('Origin',(-102.430882211149,-85.8458677263702,-2.));
#2043=CARTESIAN_POINT('',(-102.224187269758,-85.8458677263702,-18.));
#2044=CARTESIAN_POINT('',(-102.224187269758,-85.8458677263702,-1.));
#2045=CARTESIAN_POINT('',(-88.7245527531041,-85.8458677263702,-18.));
#2046=CARTESIAN_POINT('',(-99.004299846638,-85.8458677263702,-18.));
#2047=CARTESIAN_POINT('',(-88.7245527531041,-85.8458677263702,-2.));
#2048=CARTESIAN_POINT('Origin',(-95.5777174821267,-92.5750506373659,-18.));
#2049=CARTESIAN_POINT('',(-102.224187269758,-95.8346959227473,-18.));
#2050=CARTESIAN_POINT('',(-102.224187269758,-21.4499003186829,-18.));
#2051=CARTESIAN_POINT('',(-99.1744130456472,-98.884470146858,-18.));
#2052=CARTESIAN_POINT('',(-101.377481144195,-96.6814020483097,-18.));
#2053=CARTESIAN_POINT('',(-99.5617249948489,-98.5230704324693,-18.));
#2054=CARTESIAN_POINT('',(-88.7245527531041,-89.210459181868,-18.));
#2055=CARTESIAN_POINT('Origin',(-88.7245527531041,-85.8458677263702,-2.));
#2056=CARTESIAN_POINT('Origin',(-98.7245527531041,-99.3042335483615,-2.));
#2057=CARTESIAN_POINT('',(-99.1744130456473,-98.8844701468579,-1.));
#2058=CARTESIAN_POINT('Origin',(-102.224187269758,-95.8346959227473,5.55111512312578E-16));
#2059=CARTESIAN_POINT('',(-102.224187269758,-95.8346959227473,-7.));
#2060=CARTESIAN_POINT('',(-102.224187269758,-95.8346959227473,5.55111512312578E-16));
#2061=CARTESIAN_POINT('',(-104.795985881877,-93.2628973106286,-7.));
#2062=CARTESIAN_POINT('Origin',(-102.224187269758,49.67525,5.55111512312578E-16));
#2063=CARTESIAN_POINT('',(-102.224187269758,49.67525,-7.));
#2064=CARTESIAN_POINT('',(-102.224187269758,49.67525,9.84016750975172E-16));
#2065=CARTESIAN_POINT('',(-102.224187269758,11.8746628436386,-7.));
#2066=CARTESIAN_POINT('Origin',(16.7848719999997,49.6752500000001,9.84016750975172E-16));
#2067=CARTESIAN_POINT('',(-12.9088690541039,49.6752500000001,-7.));
#2068=CARTESIAN_POINT('Origin',(-42.6026101082075,-25.9259243127228,-6.2));
#2069=CARTESIAN_POINT('',(-104.990092216415,50.27525,-6.2));
#2070=CARTESIAN_POINT('',(19.7848719999997,50.27525,-6.2));
#2071=CARTESIAN_POINT('',(-73.7963511623111,50.27525,-6.2));
#2072=CARTESIAN_POINT('',(-104.990092216415,-97.1216597407766,-6.2));
#2073=CARTESIAN_POINT('',(-104.990092216415,-61.5237920267497,-6.2));
#2074=CARTESIAN_POINT('',(-99.9866724448563,-102.127098625446,-6.2));
#2075=CARTESIAN_POINT('',(-104.696737006231,-97.4151333334619,-6.2));
#2076=CARTESIAN_POINT('',(19.7848719999997,-102.127098625446,-6.2));
#2077=CARTESIAN_POINT('',(-11.4088690541039,-102.127098625446,-6.2));
#2078=CARTESIAN_POINT('',(19.7848719999997,12.1746628436386,-6.2));
#2079=CARTESIAN_POINT('Origin',(-99.9866724448563,-102.127098625446,0.));
#2080=CARTESIAN_POINT('',(-104.990092216415,-97.1216597407766,0.));
#2081=CARTESIAN_POINT('',(-99.9866724448563,-102.127098625446,0.));
#2082=CARTESIAN_POINT('Origin',(-104.990092216415,-97.1216597407766,0.));
#2083=CARTESIAN_POINT('',(-104.990092216415,50.27525,9.84016750975172E-16));
#2084=CARTESIAN_POINT('Origin',(-104.990092216415,50.27525,9.84016750975172E-16));
#2085=CARTESIAN_POINT('',(19.7848719999997,50.27525,9.84016750975172E-16));
#2086=CARTESIAN_POINT('Origin',(19.7848719999997,-102.127098625446,0.));
#2087=CARTESIAN_POINT('',(19.7848719999997,-102.127098625446,9.84016750975172E-16));
#2088=CARTESIAN_POINT('Origin',(19.7848719999997,50.27525,9.84016750975172E-16));
#2089=CARTESIAN_POINT('Origin',(-42.6026101082075,-25.9259243127228,-7.));
#2090=UNCERTAINTY_MEASURE_WITH_UNIT(LENGTH_MEASURE(0.01),#2094,
'DISTANCE_ACCURACY_VALUE',
'Maximum model space distance between geometric entities at asserted c
onnectivities');
#2091=UNCERTAINTY_MEASURE_WITH_UNIT(LENGTH_MEASURE(0.01),#2094,
'DISTANCE_ACCURACY_VALUE',
'Maximum model space distance between geometric entities at asserted c
onnectivities');
#2092=(
GEOMETRIC_REPRESENTATION_CONTEXT(3)
GLOBAL_UNCERTAINTY_ASSIGNED_CONTEXT((#2090))
GLOBAL_UNIT_ASSIGNED_CONTEXT((#2094,#2095,#2096))
REPRESENTATION_CONTEXT('','3D')
);
#2093=(
GEOMETRIC_REPRESENTATION_CONTEXT(3)
GLOBAL_UNCERTAINTY_ASSIGNED_CONTEXT((#2091))
GLOBAL_UNIT_ASSIGNED_CONTEXT((#2094,#2095,#2096))
REPRESENTATION_CONTEXT('','3D')
);
#2094=(
LENGTH_UNIT()
NAMED_UNIT(*)
SI_UNIT(.MILLI.,.METRE.)
);
#2095=(
NAMED_UNIT(*)
PLANE_ANGLE_UNIT()
SI_UNIT($,.RADIAN.)
);
#2096=(
NAMED_UNIT(*)
SI_UNIT($,.STERADIAN.)
SOLID_ANGLE_UNIT()
);
#2097=SHAPE_DEFINITION_REPRESENTATION(#2098,#2099);
#2098=PRODUCT_DEFINITION_SHAPE('',$,#2101);
#2099=SHAPE_REPRESENTATION('',(#1290),#2092);
#2100=PRODUCT_DEFINITION_CONTEXT('part definition',#2105,'design');
#2101=PRODUCT_DEFINITION('OrangeDeck Keyboard 1','ModuDeck v47',#2102,#2100);
#2102=PRODUCT_DEFINITION_FORMATION('',$,#2107);
#2103=PRODUCT_RELATED_PRODUCT_CATEGORY('ModuDeck v47','ModuDeck v47',(#2107));
#2104=APPLICATION_PROTOCOL_DEFINITION('international standard',
'automotive_design',2009,#2105);
#2105=APPLICATION_CONTEXT(
'Core Data for Automotive Mechanical Design Process');
#2106=PRODUCT_CONTEXT('part definition',#2105,'mechanical');
#2107=PRODUCT('OrangeDeck Keyboard 1','ModuDeck v47',
'KiCad electronic assembly',(#2106));
#2108=PRESENTATION_STYLE_ASSIGNMENT((#2111));
#2109=PRESENTATION_STYLE_ASSIGNMENT((#2112));
#2110=PRESENTATION_STYLE_ASSIGNMENT((#2113));
#2111=SURFACE_STYLE_USAGE(.BOTH.,#2114);
#2112=SURFACE_STYLE_USAGE(.BOTH.,#2115);
#2113=SURFACE_STYLE_USAGE(.BOTH.,#2116);
#2114=SURFACE_SIDE_STYLE('',(#2117));
#2115=SURFACE_SIDE_STYLE('',(#2118));
#2116=SURFACE_SIDE_STYLE('',(#2119));
#2117=SURFACE_STYLE_FILL_AREA(#2120);
#2118=SURFACE_STYLE_FILL_AREA(#2121);
#2119=SURFACE_STYLE_FILL_AREA(#2122);
#2120=FILL_AREA_STYLE('Steel - Satin',(#2123));
#2121=FILL_AREA_STYLE('ABS (White)',(#2124));
#2122=FILL_AREA_STYLE('Opaque(80,124,105)',(#2125));
#2123=FILL_AREA_STYLE_COLOUR('Steel - Satin',#2126);
#2124=FILL_AREA_STYLE_COLOUR('ABS (White)',#2127);
#2125=FILL_AREA_STYLE_COLOUR('Opaque(80,124,105)',#2128);
#2126=COLOUR_RGB('Steel - Satin',0.627450980392157,0.627450980392157,0.627450980392157);
#2127=COLOUR_RGB('ABS (White)',0.964705882352941,0.964705882352941,0.952941176470588);
#2128=COLOUR_RGB('Opaque(80,124,105)',0.313725490196078,0.486274509803922,
0.411764705882353);
ENDSEC;
END-ISO-10303-21;
